[11-Apr-2026 16:27:13 Asia/Manila] [report.php] File loaded - starting execution
[11-Apr-2026 16:27:13 Asia/Manila] [report.php] Received dates - start_date: , end_date: , view_type: range
[11-Apr-2026 16:27:13 Asia/Manila] [report.php] About to fetch payroll data
[11-Apr-2026 16:27:13 Asia/Manila] [report.php] Payroll query executed. Date range: 2026-04-01 to 2026-04-30. Rows fetched: 17
[11-Apr-2026 16:27:13 Asia/Manila] [report.php] Attendance query executed. Date range: 2026-04-01 to 2026-04-30. Rows fetched: 40
[11-Apr-2026 16:27:13 Asia/Manila] [report.php] Approved overtime query executed. Date range: 2026-04-01 to 2026-04-30. Approved OT rows: 5
[11-Apr-2026 16:27:13 Asia/Manila] [report.php] Approved overtime organized. Employees with approved OT: 3
[11-Apr-2026 16:27:13 Asia/Manila] [report.php] About to process daily_payroll_reports data
[11-Apr-2026 16:27:13 Asia/Manila] [report.php] About to process attendance data
[11-Apr-2026 16:27:13 Asia/Manila] [report.php] Applied approved OT for emp_id=24: 3 hours
[11-Apr-2026 16:27:13 Asia/Manila] [report.php] About to calculate payroll
[11-Apr-2026 16:27:13 Asia/Manila] [report.php] Payroll calculated, about to load allowances
[11-Apr-2026 16:27:13 Asia/Manila] [report.php] Loading allowances for year=2026, month=04, week=2, view=range
[11-Apr-2026 16:27:13 Asia/Manila] [report.php] Total employees with allowances: 0
[11-Apr-2026 16:27:13 Asia/Manila] [report.php] Employee IDs with allowances: 
[11-Apr-2026 16:27:13 Asia/Manila] [report.php] About to merge allowances into employee data. Employee count: 63
[11-Apr-2026 16:27:13 Asia/Manila] [report.php] Weekly loans loaded: Array
(
)

[11-Apr-2026 16:27:13 Asia/Manila] [report.php] No weekly loan found for emp_id=12, using daily value: 0
[11-Apr-2026 16:27:13 Asia/Manila] [report.php] No weekly loan found for emp_id=13, using daily value: 0
[11-Apr-2026 16:27:13 Asia/Manila] [report.php] No weekly loan found for emp_id=14, using daily value: 0
[11-Apr-2026 16:27:13 Asia/Manila] [report.php] No weekly loan found for emp_id=121, using daily value: 0
[11-Apr-2026 16:27:13 Asia/Manila] [report.php] No weekly loan found for emp_id=126, using daily value: 0
[11-Apr-2026 16:27:13 Asia/Manila] [report.php] No weekly loan found for emp_id=15, using daily value: 0
[11-Apr-2026 16:27:13 Asia/Manila] [report.php] No weekly loan found for emp_id=16, using daily value: 0
[11-Apr-2026 16:27:13 Asia/Manila] [report.php] No weekly loan found for emp_id=17, using daily value: 0
[11-Apr-2026 16:27:13 Asia/Manila] [report.php] No weekly loan found for emp_id=18, using daily value: 0
[11-Apr-2026 16:27:13 Asia/Manila] [report.php] No weekly loan found for emp_id=19, using daily value: 0
[11-Apr-2026 16:27:13 Asia/Manila] [report.php] No weekly loan found for emp_id=20, using daily value: 0
[11-Apr-2026 16:27:13 Asia/Manila] [report.php] No weekly loan found for emp_id=21, using daily value: 0
[11-Apr-2026 16:27:13 Asia/Manila] [report.php] No weekly loan found for emp_id=22, using daily value: 0
[11-Apr-2026 16:27:13 Asia/Manila] [report.php] No weekly loan found for emp_id=23, using daily value: 0
[11-Apr-2026 16:27:13 Asia/Manila] [report.php] No weekly loan found for emp_id=24, using daily value: 0
[11-Apr-2026 16:27:13 Asia/Manila] [report.php] No weekly loan found for emp_id=25, using daily value: 0
[11-Apr-2026 16:27:13 Asia/Manila] [report.php] No weekly loan found for emp_id=27, using daily value: 0
[11-Apr-2026 16:27:13 Asia/Manila] [report.php] No weekly loan found for emp_id=26, using daily value: 0
[11-Apr-2026 16:27:13 Asia/Manila] [report.php] No weekly loan found for emp_id=127, using daily value: 0
[11-Apr-2026 16:27:13 Asia/Manila] [report.php] No weekly loan found for emp_id=28, using daily value: 0
[11-Apr-2026 16:27:13 Asia/Manila] [report.php] No weekly loan found for emp_id=29, using daily value: 0
[11-Apr-2026 16:27:13 Asia/Manila] [report.php] No weekly loan found for emp_id=122, using daily value: 0
[11-Apr-2026 16:27:13 Asia/Manila] [report.php] No weekly loan found for emp_id=30, using daily value: 0
[11-Apr-2026 16:27:13 Asia/Manila] [report.php] No weekly loan found for emp_id=31, using daily value: 0
[11-Apr-2026 16:27:13 Asia/Manila] [report.php] No weekly loan found for emp_id=32, using daily value: 0
[11-Apr-2026 16:27:13 Asia/Manila] [report.php] No weekly loan found for emp_id=33, using daily value: 0
[11-Apr-2026 16:27:13 Asia/Manila] [report.php] No weekly loan found for emp_id=34, using daily value: 0
[11-Apr-2026 16:27:13 Asia/Manila] [report.php] No weekly loan found for emp_id=134, using daily value: 0
[11-Apr-2026 16:27:13 Asia/Manila] [report.php] No weekly loan found for emp_id=35, using daily value: 0
[11-Apr-2026 16:27:13 Asia/Manila] [report.php] No weekly loan found for emp_id=36, using daily value: 0
[11-Apr-2026 16:27:13 Asia/Manila] [report.php] No weekly loan found for emp_id=123, using daily value: 0
[11-Apr-2026 16:27:13 Asia/Manila] [report.php] No weekly loan found for emp_id=37, using daily value: 0
[11-Apr-2026 16:27:13 Asia/Manila] [report.php] No weekly loan found for emp_id=38, using daily value: 0
[11-Apr-2026 16:27:13 Asia/Manila] [report.php] No weekly loan found for emp_id=39, using daily value: 0
[11-Apr-2026 16:27:13 Asia/Manila] [report.php] No weekly loan found for emp_id=40, using daily value: 0
[11-Apr-2026 16:27:13 Asia/Manila] [report.php] No weekly loan found for emp_id=11, using daily value: 0
[11-Apr-2026 16:27:13 Asia/Manila] [report.php] No weekly loan found for emp_id=41, using daily value: 0
[11-Apr-2026 16:27:13 Asia/Manila] [report.php] No weekly loan found for emp_id=42, using daily value: 0
[11-Apr-2026 16:27:13 Asia/Manila] [report.php] No weekly loan found for emp_id=43, using daily value: 0
[11-Apr-2026 16:27:13 Asia/Manila] [report.php] No weekly loan found for emp_id=44, using daily value: 0
[11-Apr-2026 16:27:13 Asia/Manila] [report.php] No weekly loan found for emp_id=45, using daily value: 0
[11-Apr-2026 16:27:13 Asia/Manila] [report.php] No weekly loan found for emp_id=124, using daily value: 0
[11-Apr-2026 16:27:13 Asia/Manila] [report.php] No weekly loan found for emp_id=46, using daily value: 0
[11-Apr-2026 16:27:13 Asia/Manila] [report.php] No weekly loan found for emp_id=47, using daily value: 0
[11-Apr-2026 16:27:13 Asia/Manila] [report.php] No weekly loan found for emp_id=48, using daily value: 0
[11-Apr-2026 16:27:13 Asia/Manila] [report.php] No weekly loan found for emp_id=130, using daily value: 0
[11-Apr-2026 16:27:13 Asia/Manila] [report.php] No weekly loan found for emp_id=49, using daily value: 0
[11-Apr-2026 16:27:13 Asia/Manila] [report.php] No weekly loan found for emp_id=125, using daily value: 0
[11-Apr-2026 16:27:13 Asia/Manila] [report.php] No weekly loan found for emp_id=129, using daily value: 0
[11-Apr-2026 16:27:13 Asia/Manila] [report.php] No weekly loan found for emp_id=50, using daily value: 0
[11-Apr-2026 16:27:13 Asia/Manila] [report.php] No weekly loan found for emp_id=133, using daily value: 0
[11-Apr-2026 16:27:13 Asia/Manila] [report.php] No weekly loan found for emp_id=131, using daily value: 0
[11-Apr-2026 16:27:13 Asia/Manila] [report.php] No weekly loan found for emp_id=51, using daily value: 0
[11-Apr-2026 16:27:13 Asia/Manila] [report.php] No weekly loan found for emp_id=52, using daily value: 0
[11-Apr-2026 16:27:13 Asia/Manila] [report.php] No weekly loan found for emp_id=53, using daily value: 0
[11-Apr-2026 16:27:13 Asia/Manila] [report.php] No weekly loan found for emp_id=54, using daily value: 0
[11-Apr-2026 16:27:13 Asia/Manila] [report.php] No weekly loan found for emp_id=55, using daily value: 0
[11-Apr-2026 16:27:13 Asia/Manila] [report.php] No weekly loan found for emp_id=56, using daily value: 0
[11-Apr-2026 16:27:13 Asia/Manila] [report.php] No weekly loan found for emp_id=57, using daily value: 0
[11-Apr-2026 16:27:13 Asia/Manila] [report.php] No weekly loan found for emp_id=58, using daily value: 0
[11-Apr-2026 16:27:13 Asia/Manila] [report.php] No weekly loan found for emp_id=59, using daily value: 0
[11-Apr-2026 16:27:13 Asia/Manila] [report.php] No weekly loan found for emp_id=60, using daily value: 0
[11-Apr-2026 16:27:13 Asia/Manila] [report.php] No weekly loan found for emp_id=132, using daily value: 0
[11-Apr-2026 16:27:20 Asia/Manila] [report.php] File loaded - starting execution
[11-Apr-2026 16:27:20 Asia/Manila] [report.php] Received dates - start_date: , end_date: , view_type: range
[11-Apr-2026 16:27:20 Asia/Manila] [report.php] About to fetch payroll data
[11-Apr-2026 16:27:20 Asia/Manila] [report.php] Payroll query executed. Date range: 2026-04-01 to 2026-04-30. Rows fetched: 17
[11-Apr-2026 16:27:20 Asia/Manila] [report.php] Attendance query executed. Date range: 2026-04-01 to 2026-04-30. Rows fetched: 40
[11-Apr-2026 16:27:20 Asia/Manila] [report.php] Approved overtime query executed. Date range: 2026-04-01 to 2026-04-30. Approved OT rows: 5
[11-Apr-2026 16:27:20 Asia/Manila] [report.php] Approved overtime organized. Employees with approved OT: 3
[11-Apr-2026 16:27:20 Asia/Manila] [report.php] About to process daily_payroll_reports data
[11-Apr-2026 16:27:20 Asia/Manila] [report.php] About to process attendance data
[11-Apr-2026 16:27:20 Asia/Manila] [report.php] Applied approved OT for emp_id=24: 3 hours
[11-Apr-2026 16:27:20 Asia/Manila] [report.php] About to calculate payroll
[11-Apr-2026 16:27:20 Asia/Manila] [report.php] Payroll calculated, about to load allowances
[11-Apr-2026 16:27:20 Asia/Manila] [report.php] Loading allowances for year=2026, month=04, week=2, view=range
[11-Apr-2026 16:27:20 Asia/Manila] [report.php] Total employees with allowances: 0
[11-Apr-2026 16:27:20 Asia/Manila] [report.php] Employee IDs with allowances: 
[11-Apr-2026 16:27:20 Asia/Manila] [report.php] About to merge allowances into employee data. Employee count: 63
[11-Apr-2026 16:27:20 Asia/Manila] [report.php] Weekly loans loaded: Array
(
)

[11-Apr-2026 16:27:20 Asia/Manila] [report.php] No weekly loan found for emp_id=12, using daily value: 0
[11-Apr-2026 16:27:20 Asia/Manila] [report.php] No weekly loan found for emp_id=13, using daily value: 0
[11-Apr-2026 16:27:20 Asia/Manila] [report.php] No weekly loan found for emp_id=14, using daily value: 0
[11-Apr-2026 16:27:20 Asia/Manila] [report.php] No weekly loan found for emp_id=121, using daily value: 0
[11-Apr-2026 16:27:20 Asia/Manila] [report.php] No weekly loan found for emp_id=126, using daily value: 0
[11-Apr-2026 16:27:20 Asia/Manila] [report.php] No weekly loan found for emp_id=15, using daily value: 0
[11-Apr-2026 16:27:20 Asia/Manila] [report.php] No weekly loan found for emp_id=16, using daily value: 0
[11-Apr-2026 16:27:20 Asia/Manila] [report.php] No weekly loan found for emp_id=17, using daily value: 0
[11-Apr-2026 16:27:20 Asia/Manila] [report.php] No weekly loan found for emp_id=18, using daily value: 0
[11-Apr-2026 16:27:20 Asia/Manila] [report.php] No weekly loan found for emp_id=19, using daily value: 0
[11-Apr-2026 16:27:20 Asia/Manila] [report.php] No weekly loan found for emp_id=20, using daily value: 0
[11-Apr-2026 16:27:20 Asia/Manila] [report.php] No weekly loan found for emp_id=21, using daily value: 0
[11-Apr-2026 16:27:20 Asia/Manila] [report.php] No weekly loan found for emp_id=22, using daily value: 0
[11-Apr-2026 16:27:20 Asia/Manila] [report.php] No weekly loan found for emp_id=23, using daily value: 0
[11-Apr-2026 16:27:20 Asia/Manila] [report.php] No weekly loan found for emp_id=24, using daily value: 0
[11-Apr-2026 16:27:20 Asia/Manila] [report.php] No weekly loan found for emp_id=25, using daily value: 0
[11-Apr-2026 16:27:20 Asia/Manila] [report.php] No weekly loan found for emp_id=27, using daily value: 0
[11-Apr-2026 16:27:20 Asia/Manila] [report.php] No weekly loan found for emp_id=26, using daily value: 0
[11-Apr-2026 16:27:20 Asia/Manila] [report.php] No weekly loan found for emp_id=127, using daily value: 0
[11-Apr-2026 16:27:20 Asia/Manila] [report.php] No weekly loan found for emp_id=28, using daily value: 0
[11-Apr-2026 16:27:20 Asia/Manila] [report.php] No weekly loan found for emp_id=29, using daily value: 0
[11-Apr-2026 16:27:20 Asia/Manila] [report.php] No weekly loan found for emp_id=122, using daily value: 0
[11-Apr-2026 16:27:20 Asia/Manila] [report.php] No weekly loan found for emp_id=30, using daily value: 0
[11-Apr-2026 16:27:20 Asia/Manila] [report.php] No weekly loan found for emp_id=31, using daily value: 0
[11-Apr-2026 16:27:20 Asia/Manila] [report.php] No weekly loan found for emp_id=32, using daily value: 0
[11-Apr-2026 16:27:20 Asia/Manila] [report.php] No weekly loan found for emp_id=33, using daily value: 0
[11-Apr-2026 16:27:20 Asia/Manila] [report.php] No weekly loan found for emp_id=34, using daily value: 0
[11-Apr-2026 16:27:20 Asia/Manila] [report.php] No weekly loan found for emp_id=134, using daily value: 0
[11-Apr-2026 16:27:20 Asia/Manila] [report.php] No weekly loan found for emp_id=35, using daily value: 0
[11-Apr-2026 16:27:20 Asia/Manila] [report.php] No weekly loan found for emp_id=36, using daily value: 0
[11-Apr-2026 16:27:20 Asia/Manila] [report.php] No weekly loan found for emp_id=123, using daily value: 0
[11-Apr-2026 16:27:20 Asia/Manila] [report.php] No weekly loan found for emp_id=37, using daily value: 0
[11-Apr-2026 16:27:20 Asia/Manila] [report.php] No weekly loan found for emp_id=38, using daily value: 0
[11-Apr-2026 16:27:20 Asia/Manila] [report.php] No weekly loan found for emp_id=39, using daily value: 0
[11-Apr-2026 16:27:20 Asia/Manila] [report.php] No weekly loan found for emp_id=40, using daily value: 0
[11-Apr-2026 16:27:20 Asia/Manila] [report.php] No weekly loan found for emp_id=11, using daily value: 0
[11-Apr-2026 16:27:20 Asia/Manila] [report.php] No weekly loan found for emp_id=41, using daily value: 0
[11-Apr-2026 16:27:20 Asia/Manila] [report.php] No weekly loan found for emp_id=42, using daily value: 0
[11-Apr-2026 16:27:20 Asia/Manila] [report.php] No weekly loan found for emp_id=43, using daily value: 0
[11-Apr-2026 16:27:20 Asia/Manila] [report.php] No weekly loan found for emp_id=44, using daily value: 0
[11-Apr-2026 16:27:20 Asia/Manila] [report.php] No weekly loan found for emp_id=45, using daily value: 0
[11-Apr-2026 16:27:20 Asia/Manila] [report.php] No weekly loan found for emp_id=124, using daily value: 0
[11-Apr-2026 16:27:20 Asia/Manila] [report.php] No weekly loan found for emp_id=46, using daily value: 0
[11-Apr-2026 16:27:20 Asia/Manila] [report.php] No weekly loan found for emp_id=47, using daily value: 0
[11-Apr-2026 16:27:20 Asia/Manila] [report.php] No weekly loan found for emp_id=48, using daily value: 0
[11-Apr-2026 16:27:20 Asia/Manila] [report.php] No weekly loan found for emp_id=130, using daily value: 0
[11-Apr-2026 16:27:20 Asia/Manila] [report.php] No weekly loan found for emp_id=49, using daily value: 0
[11-Apr-2026 16:27:20 Asia/Manila] [report.php] No weekly loan found for emp_id=125, using daily value: 0
[11-Apr-2026 16:27:20 Asia/Manila] [report.php] No weekly loan found for emp_id=129, using daily value: 0
[11-Apr-2026 16:27:20 Asia/Manila] [report.php] No weekly loan found for emp_id=50, using daily value: 0
[11-Apr-2026 16:27:20 Asia/Manila] [report.php] No weekly loan found for emp_id=133, using daily value: 0
[11-Apr-2026 16:27:20 Asia/Manila] [report.php] No weekly loan found for emp_id=131, using daily value: 0
[11-Apr-2026 16:27:20 Asia/Manila] [report.php] No weekly loan found for emp_id=51, using daily value: 0
[11-Apr-2026 16:27:20 Asia/Manila] [report.php] No weekly loan found for emp_id=52, using daily value: 0
[11-Apr-2026 16:27:20 Asia/Manila] [report.php] No weekly loan found for emp_id=53, using daily value: 0
[11-Apr-2026 16:27:20 Asia/Manila] [report.php] No weekly loan found for emp_id=54, using daily value: 0
[11-Apr-2026 16:27:20 Asia/Manila] [report.php] No weekly loan found for emp_id=55, using daily value: 0
[11-Apr-2026 16:27:20 Asia/Manila] [report.php] No weekly loan found for emp_id=56, using daily value: 0
[11-Apr-2026 16:27:20 Asia/Manila] [report.php] No weekly loan found for emp_id=57, using daily value: 0
[11-Apr-2026 16:27:20 Asia/Manila] [report.php] No weekly loan found for emp_id=58, using daily value: 0
[11-Apr-2026 16:27:20 Asia/Manila] [report.php] No weekly loan found for emp_id=59, using daily value: 0
[11-Apr-2026 16:27:20 Asia/Manila] [report.php] No weekly loan found for emp_id=60, using daily value: 0
[11-Apr-2026 16:27:20 Asia/Manila] [report.php] No weekly loan found for emp_id=132, using daily value: 0
[11-Apr-2026 16:27:30 Asia/Manila] [report.php] File loaded - starting execution
[11-Apr-2026 16:27:30 Asia/Manila] [report.php] Received dates - start_date: , end_date: , view_type: range
[11-Apr-2026 16:27:30 Asia/Manila] [report.php] About to fetch payroll data
[11-Apr-2026 16:27:30 Asia/Manila] [report.php] Payroll query executed. Date range: 2026-04-01 to 2026-04-30. Rows fetched: 17
[11-Apr-2026 16:27:30 Asia/Manila] [report.php] Attendance query executed. Date range: 2026-04-01 to 2026-04-30. Rows fetched: 40
[11-Apr-2026 16:27:30 Asia/Manila] [report.php] Approved overtime query executed. Date range: 2026-04-01 to 2026-04-30. Approved OT rows: 5
[11-Apr-2026 16:27:30 Asia/Manila] [report.php] Approved overtime organized. Employees with approved OT: 3
[11-Apr-2026 16:27:30 Asia/Manila] [report.php] About to process daily_payroll_reports data
[11-Apr-2026 16:27:30 Asia/Manila] [report.php] About to process attendance data
[11-Apr-2026 16:27:30 Asia/Manila] [report.php] Applied approved OT for emp_id=24: 3 hours
[11-Apr-2026 16:27:30 Asia/Manila] [report.php] About to calculate payroll
[11-Apr-2026 16:27:30 Asia/Manila] [report.php] Payroll calculated, about to load allowances
[11-Apr-2026 16:27:30 Asia/Manila] [report.php] Loading allowances for year=2026, month=04, week=2, view=range
[11-Apr-2026 16:27:30 Asia/Manila] [report.php] Total employees with allowances: 0
[11-Apr-2026 16:27:30 Asia/Manila] [report.php] Employee IDs with allowances: 
[11-Apr-2026 16:27:30 Asia/Manila] [report.php] About to merge allowances into employee data. Employee count: 63
[11-Apr-2026 16:27:30 Asia/Manila] [report.php] Weekly loans loaded: Array
(
)

[11-Apr-2026 16:27:30 Asia/Manila] [report.php] No weekly loan found for emp_id=12, using daily value: 0
[11-Apr-2026 16:27:30 Asia/Manila] [report.php] No weekly loan found for emp_id=13, using daily value: 0
[11-Apr-2026 16:27:30 Asia/Manila] [report.php] No weekly loan found for emp_id=14, using daily value: 0
[11-Apr-2026 16:27:30 Asia/Manila] [report.php] No weekly loan found for emp_id=121, using daily value: 0
[11-Apr-2026 16:27:30 Asia/Manila] [report.php] No weekly loan found for emp_id=126, using daily value: 0
[11-Apr-2026 16:27:30 Asia/Manila] [report.php] No weekly loan found for emp_id=15, using daily value: 0
[11-Apr-2026 16:27:30 Asia/Manila] [report.php] No weekly loan found for emp_id=16, using daily value: 0
[11-Apr-2026 16:27:30 Asia/Manila] [report.php] No weekly loan found for emp_id=17, using daily value: 0
[11-Apr-2026 16:27:30 Asia/Manila] [report.php] No weekly loan found for emp_id=18, using daily value: 0
[11-Apr-2026 16:27:30 Asia/Manila] [report.php] No weekly loan found for emp_id=19, using daily value: 0
[11-Apr-2026 16:27:30 Asia/Manila] [report.php] No weekly loan found for emp_id=20, using daily value: 0
[11-Apr-2026 16:27:30 Asia/Manila] [report.php] No weekly loan found for emp_id=21, using daily value: 0
[11-Apr-2026 16:27:30 Asia/Manila] [report.php] No weekly loan found for emp_id=22, using daily value: 0
[11-Apr-2026 16:27:30 Asia/Manila] [report.php] No weekly loan found for emp_id=23, using daily value: 0
[11-Apr-2026 16:27:30 Asia/Manila] [report.php] No weekly loan found for emp_id=24, using daily value: 0
[11-Apr-2026 16:27:30 Asia/Manila] [report.php] No weekly loan found for emp_id=25, using daily value: 0
[11-Apr-2026 16:27:30 Asia/Manila] [report.php] No weekly loan found for emp_id=27, using daily value: 0
[11-Apr-2026 16:27:30 Asia/Manila] [report.php] No weekly loan found for emp_id=26, using daily value: 0
[11-Apr-2026 16:27:30 Asia/Manila] [report.php] No weekly loan found for emp_id=127, using daily value: 0
[11-Apr-2026 16:27:30 Asia/Manila] [report.php] No weekly loan found for emp_id=28, using daily value: 0
[11-Apr-2026 16:27:30 Asia/Manila] [report.php] No weekly loan found for emp_id=29, using daily value: 0
[11-Apr-2026 16:27:30 Asia/Manila] [report.php] No weekly loan found for emp_id=122, using daily value: 0
[11-Apr-2026 16:27:30 Asia/Manila] [report.php] No weekly loan found for emp_id=30, using daily value: 0
[11-Apr-2026 16:27:30 Asia/Manila] [report.php] No weekly loan found for emp_id=31, using daily value: 0
[11-Apr-2026 16:27:30 Asia/Manila] [report.php] No weekly loan found for emp_id=32, using daily value: 0
[11-Apr-2026 16:27:30 Asia/Manila] [report.php] No weekly loan found for emp_id=33, using daily value: 0
[11-Apr-2026 16:27:30 Asia/Manila] [report.php] No weekly loan found for emp_id=34, using daily value: 0
[11-Apr-2026 16:27:30 Asia/Manila] [report.php] No weekly loan found for emp_id=134, using daily value: 0
[11-Apr-2026 16:27:30 Asia/Manila] [report.php] No weekly loan found for emp_id=35, using daily value: 0
[11-Apr-2026 16:27:30 Asia/Manila] [report.php] No weekly loan found for emp_id=36, using daily value: 0
[11-Apr-2026 16:27:30 Asia/Manila] [report.php] No weekly loan found for emp_id=123, using daily value: 0
[11-Apr-2026 16:27:30 Asia/Manila] [report.php] No weekly loan found for emp_id=37, using daily value: 0
[11-Apr-2026 16:27:30 Asia/Manila] [report.php] No weekly loan found for emp_id=38, using daily value: 0
[11-Apr-2026 16:27:30 Asia/Manila] [report.php] No weekly loan found for emp_id=39, using daily value: 0
[11-Apr-2026 16:27:30 Asia/Manila] [report.php] No weekly loan found for emp_id=40, using daily value: 0
[11-Apr-2026 16:27:30 Asia/Manila] [report.php] No weekly loan found for emp_id=11, using daily value: 0
[11-Apr-2026 16:27:30 Asia/Manila] [report.php] No weekly loan found for emp_id=41, using daily value: 0
[11-Apr-2026 16:27:30 Asia/Manila] [report.php] No weekly loan found for emp_id=42, using daily value: 0
[11-Apr-2026 16:27:30 Asia/Manila] [report.php] No weekly loan found for emp_id=43, using daily value: 0
[11-Apr-2026 16:27:30 Asia/Manila] [report.php] No weekly loan found for emp_id=44, using daily value: 0
[11-Apr-2026 16:27:30 Asia/Manila] [report.php] No weekly loan found for emp_id=45, using daily value: 0
[11-Apr-2026 16:27:30 Asia/Manila] [report.php] No weekly loan found for emp_id=124, using daily value: 0
[11-Apr-2026 16:27:30 Asia/Manila] [report.php] No weekly loan found for emp_id=46, using daily value: 0
[11-Apr-2026 16:27:30 Asia/Manila] [report.php] No weekly loan found for emp_id=47, using daily value: 0
[11-Apr-2026 16:27:30 Asia/Manila] [report.php] No weekly loan found for emp_id=48, using daily value: 0
[11-Apr-2026 16:27:30 Asia/Manila] [report.php] No weekly loan found for emp_id=130, using daily value: 0
[11-Apr-2026 16:27:30 Asia/Manila] [report.php] No weekly loan found for emp_id=49, using daily value: 0
[11-Apr-2026 16:27:30 Asia/Manila] [report.php] No weekly loan found for emp_id=125, using daily value: 0
[11-Apr-2026 16:27:30 Asia/Manila] [report.php] No weekly loan found for emp_id=129, using daily value: 0
[11-Apr-2026 16:27:30 Asia/Manila] [report.php] No weekly loan found for emp_id=50, using daily value: 0
[11-Apr-2026 16:27:30 Asia/Manila] [report.php] No weekly loan found for emp_id=133, using daily value: 0
[11-Apr-2026 16:27:30 Asia/Manila] [report.php] No weekly loan found for emp_id=131, using daily value: 0
[11-Apr-2026 16:27:30 Asia/Manila] [report.php] No weekly loan found for emp_id=51, using daily value: 0
[11-Apr-2026 16:27:30 Asia/Manila] [report.php] No weekly loan found for emp_id=52, using daily value: 0
[11-Apr-2026 16:27:30 Asia/Manila] [report.php] No weekly loan found for emp_id=53, using daily value: 0
[11-Apr-2026 16:27:30 Asia/Manila] [report.php] No weekly loan found for emp_id=54, using daily value: 0
[11-Apr-2026 16:27:30 Asia/Manila] [report.php] No weekly loan found for emp_id=55, using daily value: 0
[11-Apr-2026 16:27:30 Asia/Manila] [report.php] No weekly loan found for emp_id=56, using daily value: 0
[11-Apr-2026 16:27:30 Asia/Manila] [report.php] No weekly loan found for emp_id=57, using daily value: 0
[11-Apr-2026 16:27:30 Asia/Manila] [report.php] No weekly loan found for emp_id=58, using daily value: 0
[11-Apr-2026 16:27:30 Asia/Manila] [report.php] No weekly loan found for emp_id=59, using daily value: 0
[11-Apr-2026 16:27:30 Asia/Manila] [report.php] No weekly loan found for emp_id=60, using daily value: 0
[11-Apr-2026 16:27:30 Asia/Manila] [report.php] No weekly loan found for emp_id=132, using daily value: 0
[11-Apr-2026 16:29:25 Asia/Manila] [report.php] File loaded - starting execution
[11-Apr-2026 16:29:25 Asia/Manila] [report.php] Received dates - start_date: , end_date: , view_type: range
[11-Apr-2026 16:29:25 Asia/Manila] [report.php] About to fetch payroll data
[11-Apr-2026 16:29:25 Asia/Manila] [report.php] Payroll query executed. Date range: 2026-04-01 to 2026-04-30. Rows fetched: 17
[11-Apr-2026 16:29:25 Asia/Manila] [report.php] Attendance query executed. Date range: 2026-04-01 to 2026-04-30. Rows fetched: 40
[11-Apr-2026 16:29:25 Asia/Manila] [report.php] Approved overtime query executed. Date range: 2026-04-01 to 2026-04-30. Approved OT rows: 5
[11-Apr-2026 16:29:25 Asia/Manila] [report.php] Approved overtime organized. Employees with approved OT: 3
[11-Apr-2026 16:29:25 Asia/Manila] [report.php] About to process daily_payroll_reports data
[11-Apr-2026 16:29:25 Asia/Manila] [report.php] About to process attendance data
[11-Apr-2026 16:29:25 Asia/Manila] [report.php] Applied approved OT for emp_id=24: 3 hours
[11-Apr-2026 16:29:25 Asia/Manila] [report.php] About to calculate payroll
[11-Apr-2026 16:29:25 Asia/Manila] [report.php] Payroll calculated, about to load allowances
[11-Apr-2026 16:29:25 Asia/Manila] [report.php] Loading allowances for year=2026, month=04, week=2, view=range
[11-Apr-2026 16:29:25 Asia/Manila] [report.php] Total employees with allowances: 0
[11-Apr-2026 16:29:25 Asia/Manila] [report.php] Employee IDs with allowances: 
[11-Apr-2026 16:29:25 Asia/Manila] [report.php] About to merge allowances into employee data. Employee count: 63
[11-Apr-2026 16:29:25 Asia/Manila] [report.php] Weekly loans loaded: Array
(
)

[11-Apr-2026 16:29:25 Asia/Manila] [report.php] No weekly loan found for emp_id=12, using daily value: 0
[11-Apr-2026 16:29:25 Asia/Manila] [report.php] No weekly loan found for emp_id=13, using daily value: 0
[11-Apr-2026 16:29:25 Asia/Manila] [report.php] No weekly loan found for emp_id=14, using daily value: 0
[11-Apr-2026 16:29:25 Asia/Manila] [report.php] No weekly loan found for emp_id=121, using daily value: 0
[11-Apr-2026 16:29:25 Asia/Manila] [report.php] No weekly loan found for emp_id=126, using daily value: 0
[11-Apr-2026 16:29:25 Asia/Manila] [report.php] No weekly loan found for emp_id=15, using daily value: 0
[11-Apr-2026 16:29:25 Asia/Manila] [report.php] No weekly loan found for emp_id=16, using daily value: 0
[11-Apr-2026 16:29:25 Asia/Manila] [report.php] No weekly loan found for emp_id=17, using daily value: 0
[11-Apr-2026 16:29:25 Asia/Manila] [report.php] No weekly loan found for emp_id=18, using daily value: 0
[11-Apr-2026 16:29:25 Asia/Manila] [report.php] No weekly loan found for emp_id=19, using daily value: 0
[11-Apr-2026 16:29:25 Asia/Manila] [report.php] No weekly loan found for emp_id=20, using daily value: 0
[11-Apr-2026 16:29:25 Asia/Manila] [report.php] No weekly loan found for emp_id=21, using daily value: 0
[11-Apr-2026 16:29:25 Asia/Manila] [report.php] No weekly loan found for emp_id=22, using daily value: 0
[11-Apr-2026 16:29:25 Asia/Manila] [report.php] No weekly loan found for emp_id=23, using daily value: 0
[11-Apr-2026 16:29:25 Asia/Manila] [report.php] No weekly loan found for emp_id=24, using daily value: 0
[11-Apr-2026 16:29:25 Asia/Manila] [report.php] No weekly loan found for emp_id=25, using daily value: 0
[11-Apr-2026 16:29:25 Asia/Manila] [report.php] No weekly loan found for emp_id=27, using daily value: 0
[11-Apr-2026 16:29:25 Asia/Manila] [report.php] No weekly loan found for emp_id=26, using daily value: 0
[11-Apr-2026 16:29:25 Asia/Manila] [report.php] No weekly loan found for emp_id=127, using daily value: 0
[11-Apr-2026 16:29:25 Asia/Manila] [report.php] No weekly loan found for emp_id=28, using daily value: 0
[11-Apr-2026 16:29:25 Asia/Manila] [report.php] No weekly loan found for emp_id=29, using daily value: 0
[11-Apr-2026 16:29:25 Asia/Manila] [report.php] No weekly loan found for emp_id=122, using daily value: 0
[11-Apr-2026 16:29:25 Asia/Manila] [report.php] No weekly loan found for emp_id=30, using daily value: 0
[11-Apr-2026 16:29:25 Asia/Manila] [report.php] No weekly loan found for emp_id=31, using daily value: 0
[11-Apr-2026 16:29:25 Asia/Manila] [report.php] No weekly loan found for emp_id=32, using daily value: 0
[11-Apr-2026 16:29:25 Asia/Manila] [report.php] No weekly loan found for emp_id=33, using daily value: 0
[11-Apr-2026 16:29:25 Asia/Manila] [report.php] No weekly loan found for emp_id=34, using daily value: 0
[11-Apr-2026 16:29:25 Asia/Manila] [report.php] No weekly loan found for emp_id=134, using daily value: 0
[11-Apr-2026 16:29:25 Asia/Manila] [report.php] No weekly loan found for emp_id=35, using daily value: 0
[11-Apr-2026 16:29:25 Asia/Manila] [report.php] No weekly loan found for emp_id=36, using daily value: 0
[11-Apr-2026 16:29:25 Asia/Manila] [report.php] No weekly loan found for emp_id=123, using daily value: 0
[11-Apr-2026 16:29:25 Asia/Manila] [report.php] No weekly loan found for emp_id=37, using daily value: 0
[11-Apr-2026 16:29:25 Asia/Manila] [report.php] No weekly loan found for emp_id=38, using daily value: 0
[11-Apr-2026 16:29:25 Asia/Manila] [report.php] No weekly loan found for emp_id=39, using daily value: 0
[11-Apr-2026 16:29:25 Asia/Manila] [report.php] No weekly loan found for emp_id=40, using daily value: 0
[11-Apr-2026 16:29:25 Asia/Manila] [report.php] No weekly loan found for emp_id=11, using daily value: 0
[11-Apr-2026 16:29:25 Asia/Manila] [report.php] No weekly loan found for emp_id=41, using daily value: 0
[11-Apr-2026 16:29:25 Asia/Manila] [report.php] No weekly loan found for emp_id=42, using daily value: 0
[11-Apr-2026 16:29:25 Asia/Manila] [report.php] No weekly loan found for emp_id=43, using daily value: 0
[11-Apr-2026 16:29:25 Asia/Manila] [report.php] No weekly loan found for emp_id=44, using daily value: 0
[11-Apr-2026 16:29:25 Asia/Manila] [report.php] No weekly loan found for emp_id=45, using daily value: 0
[11-Apr-2026 16:29:25 Asia/Manila] [report.php] No weekly loan found for emp_id=124, using daily value: 0
[11-Apr-2026 16:29:25 Asia/Manila] [report.php] No weekly loan found for emp_id=46, using daily value: 0
[11-Apr-2026 16:29:25 Asia/Manila] [report.php] No weekly loan found for emp_id=47, using daily value: 0
[11-Apr-2026 16:29:25 Asia/Manila] [report.php] No weekly loan found for emp_id=48, using daily value: 0
[11-Apr-2026 16:29:25 Asia/Manila] [report.php] No weekly loan found for emp_id=130, using daily value: 0
[11-Apr-2026 16:29:25 Asia/Manila] [report.php] No weekly loan found for emp_id=49, using daily value: 0
[11-Apr-2026 16:29:25 Asia/Manila] [report.php] No weekly loan found for emp_id=125, using daily value: 0
[11-Apr-2026 16:29:25 Asia/Manila] [report.php] No weekly loan found for emp_id=129, using daily value: 0
[11-Apr-2026 16:29:25 Asia/Manila] [report.php] No weekly loan found for emp_id=50, using daily value: 0
[11-Apr-2026 16:29:25 Asia/Manila] [report.php] No weekly loan found for emp_id=133, using daily value: 0
[11-Apr-2026 16:29:25 Asia/Manila] [report.php] No weekly loan found for emp_id=131, using daily value: 0
[11-Apr-2026 16:29:25 Asia/Manila] [report.php] No weekly loan found for emp_id=51, using daily value: 0
[11-Apr-2026 16:29:25 Asia/Manila] [report.php] No weekly loan found for emp_id=52, using daily value: 0
[11-Apr-2026 16:29:25 Asia/Manila] [report.php] No weekly loan found for emp_id=53, using daily value: 0
[11-Apr-2026 16:29:25 Asia/Manila] [report.php] No weekly loan found for emp_id=54, using daily value: 0
[11-Apr-2026 16:29:25 Asia/Manila] [report.php] No weekly loan found for emp_id=55, using daily value: 0
[11-Apr-2026 16:29:25 Asia/Manila] [report.php] No weekly loan found for emp_id=56, using daily value: 0
[11-Apr-2026 16:29:25 Asia/Manila] [report.php] No weekly loan found for emp_id=57, using daily value: 0
[11-Apr-2026 16:29:25 Asia/Manila] [report.php] No weekly loan found for emp_id=58, using daily value: 0
[11-Apr-2026 16:29:25 Asia/Manila] [report.php] No weekly loan found for emp_id=59, using daily value: 0
[11-Apr-2026 16:29:25 Asia/Manila] [report.php] No weekly loan found for emp_id=60, using daily value: 0
[11-Apr-2026 16:29:25 Asia/Manila] [report.php] No weekly loan found for emp_id=132, using daily value: 0
[11-Apr-2026 16:30:17 Asia/Manila] [report.php] File loaded - starting execution
[11-Apr-2026 16:30:17 Asia/Manila] [report.php] Received dates - start_date: , end_date: , view_type: range
[11-Apr-2026 16:30:17 Asia/Manila] [report.php] About to fetch payroll data
[11-Apr-2026 16:30:17 Asia/Manila] [report.php] Payroll query executed. Date range: 2026-04-01 to 2026-04-30. Rows fetched: 17
[11-Apr-2026 16:30:17 Asia/Manila] [report.php] Attendance query executed. Date range: 2026-04-01 to 2026-04-30. Rows fetched: 40
[11-Apr-2026 16:30:17 Asia/Manila] [report.php] Approved overtime query executed. Date range: 2026-04-01 to 2026-04-30. Approved OT rows: 5
[11-Apr-2026 16:30:17 Asia/Manila] [report.php] Approved overtime organized. Employees with approved OT: 3
[11-Apr-2026 16:30:17 Asia/Manila] [report.php] About to process daily_payroll_reports data
[11-Apr-2026 16:30:17 Asia/Manila] [report.php] About to process attendance data
[11-Apr-2026 16:30:17 Asia/Manila] [report.php] Applied approved OT for emp_id=24: 3 hours
[11-Apr-2026 16:30:17 Asia/Manila] [report.php] About to calculate payroll
[11-Apr-2026 16:30:17 Asia/Manila] [report.php] Payroll calculated, about to load allowances
[11-Apr-2026 16:30:17 Asia/Manila] [report.php] Loading allowances for year=2026, month=04, week=2, view=range
[11-Apr-2026 16:30:17 Asia/Manila] [report.php] Found in DB: emp_id=12, allowance=0.00, loan=10.00
[11-Apr-2026 16:30:17 Asia/Manila] [report.php] Total employees with allowances: 1
[11-Apr-2026 16:30:17 Asia/Manila] [report.php] Employee IDs with allowances: 12
[11-Apr-2026 16:30:17 Asia/Manila] [report.php] About to merge allowances into employee data. Employee count: 63
[11-Apr-2026 16:30:17 Asia/Manila] [report.php] Weekly loans loaded: Array
(
    [12] => 10
)

[11-Apr-2026 16:30:17 Asia/Manila] [report.php] Merged loan for emp_id=12: 10
[11-Apr-2026 16:30:17 Asia/Manila] [report.php] No weekly loan found for emp_id=13, using daily value: 0
[11-Apr-2026 16:30:17 Asia/Manila] [report.php] No weekly loan found for emp_id=14, using daily value: 0
[11-Apr-2026 16:30:17 Asia/Manila] [report.php] No weekly loan found for emp_id=121, using daily value: 0
[11-Apr-2026 16:30:17 Asia/Manila] [report.php] No weekly loan found for emp_id=126, using daily value: 0
[11-Apr-2026 16:30:17 Asia/Manila] [report.php] No weekly loan found for emp_id=15, using daily value: 0
[11-Apr-2026 16:30:17 Asia/Manila] [report.php] No weekly loan found for emp_id=16, using daily value: 0
[11-Apr-2026 16:30:17 Asia/Manila] [report.php] No weekly loan found for emp_id=17, using daily value: 0
[11-Apr-2026 16:30:17 Asia/Manila] [report.php] No weekly loan found for emp_id=18, using daily value: 0
[11-Apr-2026 16:30:17 Asia/Manila] [report.php] No weekly loan found for emp_id=19, using daily value: 0
[11-Apr-2026 16:30:17 Asia/Manila] [report.php] No weekly loan found for emp_id=20, using daily value: 0
[11-Apr-2026 16:30:17 Asia/Manila] [report.php] No weekly loan found for emp_id=21, using daily value: 0
[11-Apr-2026 16:30:17 Asia/Manila] [report.php] No weekly loan found for emp_id=22, using daily value: 0
[11-Apr-2026 16:30:17 Asia/Manila] [report.php] No weekly loan found for emp_id=23, using daily value: 0
[11-Apr-2026 16:30:17 Asia/Manila] [report.php] No weekly loan found for emp_id=24, using daily value: 0
[11-Apr-2026 16:30:17 Asia/Manila] [report.php] No weekly loan found for emp_id=25, using daily value: 0
[11-Apr-2026 16:30:17 Asia/Manila] [report.php] No weekly loan found for emp_id=27, using daily value: 0
[11-Apr-2026 16:30:17 Asia/Manila] [report.php] No weekly loan found for emp_id=26, using daily value: 0
[11-Apr-2026 16:30:17 Asia/Manila] [report.php] No weekly loan found for emp_id=127, using daily value: 0
[11-Apr-2026 16:30:17 Asia/Manila] [report.php] No weekly loan found for emp_id=28, using daily value: 0
[11-Apr-2026 16:30:17 Asia/Manila] [report.php] No weekly loan found for emp_id=29, using daily value: 0
[11-Apr-2026 16:30:17 Asia/Manila] [report.php] No weekly loan found for emp_id=122, using daily value: 0
[11-Apr-2026 16:30:17 Asia/Manila] [report.php] No weekly loan found for emp_id=30, using daily value: 0
[11-Apr-2026 16:30:17 Asia/Manila] [report.php] No weekly loan found for emp_id=31, using daily value: 0
[11-Apr-2026 16:30:17 Asia/Manila] [report.php] No weekly loan found for emp_id=32, using daily value: 0
[11-Apr-2026 16:30:17 Asia/Manila] [report.php] No weekly loan found for emp_id=33, using daily value: 0
[11-Apr-2026 16:30:17 Asia/Manila] [report.php] No weekly loan found for emp_id=34, using daily value: 0
[11-Apr-2026 16:30:17 Asia/Manila] [report.php] No weekly loan found for emp_id=134, using daily value: 0
[11-Apr-2026 16:30:17 Asia/Manila] [report.php] No weekly loan found for emp_id=35, using daily value: 0
[11-Apr-2026 16:30:17 Asia/Manila] [report.php] No weekly loan found for emp_id=36, using daily value: 0
[11-Apr-2026 16:30:17 Asia/Manila] [report.php] No weekly loan found for emp_id=123, using daily value: 0
[11-Apr-2026 16:30:17 Asia/Manila] [report.php] No weekly loan found for emp_id=37, using daily value: 0
[11-Apr-2026 16:30:17 Asia/Manila] [report.php] No weekly loan found for emp_id=38, using daily value: 0
[11-Apr-2026 16:30:17 Asia/Manila] [report.php] No weekly loan found for emp_id=39, using daily value: 0
[11-Apr-2026 16:30:17 Asia/Manila] [report.php] No weekly loan found for emp_id=40, using daily value: 0
[11-Apr-2026 16:30:17 Asia/Manila] [report.php] No weekly loan found for emp_id=11, using daily value: 0
[11-Apr-2026 16:30:17 Asia/Manila] [report.php] No weekly loan found for emp_id=41, using daily value: 0
[11-Apr-2026 16:30:17 Asia/Manila] [report.php] No weekly loan found for emp_id=42, using daily value: 0
[11-Apr-2026 16:30:17 Asia/Manila] [report.php] No weekly loan found for emp_id=43, using daily value: 0
[11-Apr-2026 16:30:17 Asia/Manila] [report.php] No weekly loan found for emp_id=44, using daily value: 0
[11-Apr-2026 16:30:17 Asia/Manila] [report.php] No weekly loan found for emp_id=45, using daily value: 0
[11-Apr-2026 16:30:17 Asia/Manila] [report.php] No weekly loan found for emp_id=124, using daily value: 0
[11-Apr-2026 16:30:17 Asia/Manila] [report.php] No weekly loan found for emp_id=46, using daily value: 0
[11-Apr-2026 16:30:17 Asia/Manila] [report.php] No weekly loan found for emp_id=47, using daily value: 0
[11-Apr-2026 16:30:17 Asia/Manila] [report.php] No weekly loan found for emp_id=48, using daily value: 0
[11-Apr-2026 16:30:17 Asia/Manila] [report.php] No weekly loan found for emp_id=130, using daily value: 0
[11-Apr-2026 16:30:17 Asia/Manila] [report.php] No weekly loan found for emp_id=49, using daily value: 0
[11-Apr-2026 16:30:17 Asia/Manila] [report.php] No weekly loan found for emp_id=125, using daily value: 0
[11-Apr-2026 16:30:17 Asia/Manila] [report.php] No weekly loan found for emp_id=129, using daily value: 0
[11-Apr-2026 16:30:17 Asia/Manila] [report.php] No weekly loan found for emp_id=50, using daily value: 0
[11-Apr-2026 16:30:17 Asia/Manila] [report.php] No weekly loan found for emp_id=133, using daily value: 0
[11-Apr-2026 16:30:17 Asia/Manila] [report.php] No weekly loan found for emp_id=131, using daily value: 0
[11-Apr-2026 16:30:17 Asia/Manila] [report.php] No weekly loan found for emp_id=51, using daily value: 0
[11-Apr-2026 16:30:17 Asia/Manila] [report.php] No weekly loan found for emp_id=52, using daily value: 0
[11-Apr-2026 16:30:17 Asia/Manila] [report.php] No weekly loan found for emp_id=53, using daily value: 0
[11-Apr-2026 16:30:17 Asia/Manila] [report.php] No weekly loan found for emp_id=54, using daily value: 0
[11-Apr-2026 16:30:17 Asia/Manila] [report.php] No weekly loan found for emp_id=55, using daily value: 0
[11-Apr-2026 16:30:17 Asia/Manila] [report.php] No weekly loan found for emp_id=56, using daily value: 0
[11-Apr-2026 16:30:17 Asia/Manila] [report.php] No weekly loan found for emp_id=57, using daily value: 0
[11-Apr-2026 16:30:17 Asia/Manila] [report.php] No weekly loan found for emp_id=58, using daily value: 0
[11-Apr-2026 16:30:17 Asia/Manila] [report.php] No weekly loan found for emp_id=59, using daily value: 0
[11-Apr-2026 16:30:17 Asia/Manila] [report.php] No weekly loan found for emp_id=60, using daily value: 0
[11-Apr-2026 16:30:17 Asia/Manila] [report.php] No weekly loan found for emp_id=132, using daily value: 0
[11-Apr-2026 16:31:57 Asia/Manila] [report.php] File loaded - starting execution
[11-Apr-2026 16:31:57 Asia/Manila] [report.php] Received dates - start_date: , end_date: , view_type: range
[11-Apr-2026 16:31:57 Asia/Manila] [report.php] About to fetch payroll data
[11-Apr-2026 16:31:57 Asia/Manila] [report.php] Payroll query executed. Date range: 2026-04-01 to 2026-04-30. Rows fetched: 17
[11-Apr-2026 16:31:57 Asia/Manila] [report.php] Attendance query executed. Date range: 2026-04-01 to 2026-04-30. Rows fetched: 40
[11-Apr-2026 16:31:57 Asia/Manila] [report.php] Approved overtime query executed. Date range: 2026-04-01 to 2026-04-30. Approved OT rows: 5
[11-Apr-2026 16:31:57 Asia/Manila] [report.php] Approved overtime organized. Employees with approved OT: 3
[11-Apr-2026 16:31:57 Asia/Manila] [report.php] About to process daily_payroll_reports data
[11-Apr-2026 16:31:57 Asia/Manila] [report.php] About to process attendance data
[11-Apr-2026 16:31:57 Asia/Manila] [report.php] Applied approved OT for emp_id=24: 3 hours
[11-Apr-2026 16:31:57 Asia/Manila] [report.php] About to calculate payroll
[11-Apr-2026 16:31:57 Asia/Manila] [report.php] Payroll calculated, about to load allowances
[11-Apr-2026 16:31:57 Asia/Manila] [report.php] Loading allowances for year=2026, month=04, week=2, view=range
[11-Apr-2026 16:31:57 Asia/Manila] [report.php] Found in DB: emp_id=12, allowance=0.00, loan=10.00
[11-Apr-2026 16:31:57 Asia/Manila] [report.php] Total employees with allowances: 1
[11-Apr-2026 16:31:57 Asia/Manila] [report.php] Employee IDs with allowances: 12
[11-Apr-2026 16:31:57 Asia/Manila] [report.php] About to merge allowances into employee data. Employee count: 63
[11-Apr-2026 16:31:57 Asia/Manila] [report.php] Weekly loans loaded: Array
(
    [12] => 10
)

[11-Apr-2026 16:31:57 Asia/Manila] [report.php] Merged loan for emp_id=12: 10
[11-Apr-2026 16:31:57 Asia/Manila] [report.php] No weekly loan found for emp_id=13, using daily value: 0
[11-Apr-2026 16:31:57 Asia/Manila] [report.php] No weekly loan found for emp_id=14, using daily value: 0
[11-Apr-2026 16:31:57 Asia/Manila] [report.php] No weekly loan found for emp_id=121, using daily value: 0
[11-Apr-2026 16:31:57 Asia/Manila] [report.php] No weekly loan found for emp_id=126, using daily value: 0
[11-Apr-2026 16:31:57 Asia/Manila] [report.php] No weekly loan found for emp_id=15, using daily value: 0
[11-Apr-2026 16:31:57 Asia/Manila] [report.php] No weekly loan found for emp_id=16, using daily value: 0
[11-Apr-2026 16:31:57 Asia/Manila] [report.php] No weekly loan found for emp_id=17, using daily value: 0
[11-Apr-2026 16:31:57 Asia/Manila] [report.php] No weekly loan found for emp_id=18, using daily value: 0
[11-Apr-2026 16:31:57 Asia/Manila] [report.php] No weekly loan found for emp_id=19, using daily value: 0
[11-Apr-2026 16:31:57 Asia/Manila] [report.php] No weekly loan found for emp_id=20, using daily value: 0
[11-Apr-2026 16:31:57 Asia/Manila] [report.php] No weekly loan found for emp_id=21, using daily value: 0
[11-Apr-2026 16:31:57 Asia/Manila] [report.php] No weekly loan found for emp_id=22, using daily value: 0
[11-Apr-2026 16:31:57 Asia/Manila] [report.php] No weekly loan found for emp_id=23, using daily value: 0
[11-Apr-2026 16:31:57 Asia/Manila] [report.php] No weekly loan found for emp_id=24, using daily value: 0
[11-Apr-2026 16:31:57 Asia/Manila] [report.php] No weekly loan found for emp_id=25, using daily value: 0
[11-Apr-2026 16:31:57 Asia/Manila] [report.php] No weekly loan found for emp_id=27, using daily value: 0
[11-Apr-2026 16:31:57 Asia/Manila] [report.php] No weekly loan found for emp_id=26, using daily value: 0
[11-Apr-2026 16:31:57 Asia/Manila] [report.php] No weekly loan found for emp_id=127, using daily value: 0
[11-Apr-2026 16:31:57 Asia/Manila] [report.php] No weekly loan found for emp_id=28, using daily value: 0
[11-Apr-2026 16:31:57 Asia/Manila] [report.php] No weekly loan found for emp_id=29, using daily value: 0
[11-Apr-2026 16:31:57 Asia/Manila] [report.php] No weekly loan found for emp_id=122, using daily value: 0
[11-Apr-2026 16:31:57 Asia/Manila] [report.php] No weekly loan found for emp_id=30, using daily value: 0
[11-Apr-2026 16:31:57 Asia/Manila] [report.php] No weekly loan found for emp_id=31, using daily value: 0
[11-Apr-2026 16:31:57 Asia/Manila] [report.php] No weekly loan found for emp_id=32, using daily value: 0
[11-Apr-2026 16:31:57 Asia/Manila] [report.php] No weekly loan found for emp_id=33, using daily value: 0
[11-Apr-2026 16:31:57 Asia/Manila] [report.php] No weekly loan found for emp_id=34, using daily value: 0
[11-Apr-2026 16:31:57 Asia/Manila] [report.php] No weekly loan found for emp_id=134, using daily value: 0
[11-Apr-2026 16:31:57 Asia/Manila] [report.php] No weekly loan found for emp_id=35, using daily value: 0
[11-Apr-2026 16:31:57 Asia/Manila] [report.php] No weekly loan found for emp_id=36, using daily value: 0
[11-Apr-2026 16:31:57 Asia/Manila] [report.php] No weekly loan found for emp_id=123, using daily value: 0
[11-Apr-2026 16:31:57 Asia/Manila] [report.php] No weekly loan found for emp_id=37, using daily value: 0
[11-Apr-2026 16:31:57 Asia/Manila] [report.php] No weekly loan found for emp_id=38, using daily value: 0
[11-Apr-2026 16:31:57 Asia/Manila] [report.php] No weekly loan found for emp_id=39, using daily value: 0
[11-Apr-2026 16:31:57 Asia/Manila] [report.php] No weekly loan found for emp_id=40, using daily value: 0
[11-Apr-2026 16:31:57 Asia/Manila] [report.php] No weekly loan found for emp_id=11, using daily value: 0
[11-Apr-2026 16:31:57 Asia/Manila] [report.php] No weekly loan found for emp_id=41, using daily value: 0
[11-Apr-2026 16:31:57 Asia/Manila] [report.php] No weekly loan found for emp_id=42, using daily value: 0
[11-Apr-2026 16:31:57 Asia/Manila] [report.php] No weekly loan found for emp_id=43, using daily value: 0
[11-Apr-2026 16:31:57 Asia/Manila] [report.php] No weekly loan found for emp_id=44, using daily value: 0
[11-Apr-2026 16:31:57 Asia/Manila] [report.php] No weekly loan found for emp_id=45, using daily value: 0
[11-Apr-2026 16:31:57 Asia/Manila] [report.php] No weekly loan found for emp_id=124, using daily value: 0
[11-Apr-2026 16:31:57 Asia/Manila] [report.php] No weekly loan found for emp_id=46, using daily value: 0
[11-Apr-2026 16:31:57 Asia/Manila] [report.php] No weekly loan found for emp_id=47, using daily value: 0
[11-Apr-2026 16:31:57 Asia/Manila] [report.php] No weekly loan found for emp_id=48, using daily value: 0
[11-Apr-2026 16:31:57 Asia/Manila] [report.php] No weekly loan found for emp_id=130, using daily value: 0
[11-Apr-2026 16:31:57 Asia/Manila] [report.php] No weekly loan found for emp_id=49, using daily value: 0
[11-Apr-2026 16:31:57 Asia/Manila] [report.php] No weekly loan found for emp_id=125, using daily value: 0
[11-Apr-2026 16:31:57 Asia/Manila] [report.php] No weekly loan found for emp_id=129, using daily value: 0
[11-Apr-2026 16:31:57 Asia/Manila] [report.php] No weekly loan found for emp_id=50, using daily value: 0
[11-Apr-2026 16:31:57 Asia/Manila] [report.php] No weekly loan found for emp_id=133, using daily value: 0
[11-Apr-2026 16:31:57 Asia/Manila] [report.php] No weekly loan found for emp_id=131, using daily value: 0
[11-Apr-2026 16:31:57 Asia/Manila] [report.php] No weekly loan found for emp_id=51, using daily value: 0
[11-Apr-2026 16:31:57 Asia/Manila] [report.php] No weekly loan found for emp_id=52, using daily value: 0
[11-Apr-2026 16:31:57 Asia/Manila] [report.php] No weekly loan found for emp_id=53, using daily value: 0
[11-Apr-2026 16:31:57 Asia/Manila] [report.php] No weekly loan found for emp_id=54, using daily value: 0
[11-Apr-2026 16:31:57 Asia/Manila] [report.php] No weekly loan found for emp_id=55, using daily value: 0
[11-Apr-2026 16:31:57 Asia/Manila] [report.php] No weekly loan found for emp_id=56, using daily value: 0
[11-Apr-2026 16:31:57 Asia/Manila] [report.php] No weekly loan found for emp_id=57, using daily value: 0
[11-Apr-2026 16:31:57 Asia/Manila] [report.php] No weekly loan found for emp_id=58, using daily value: 0
[11-Apr-2026 16:31:57 Asia/Manila] [report.php] No weekly loan found for emp_id=59, using daily value: 0
[11-Apr-2026 16:31:57 Asia/Manila] [report.php] No weekly loan found for emp_id=60, using daily value: 0
[11-Apr-2026 16:31:57 Asia/Manila] [report.php] No weekly loan found for emp_id=132, using daily value: 0
[11-Apr-2026 16:35:13 Asia/Manila] [report.php] File loaded - starting execution
[11-Apr-2026 16:35:13 Asia/Manila] [report.php] Received dates - start_date: , end_date: , view_type: range
[11-Apr-2026 16:35:13 Asia/Manila] [report.php] About to fetch payroll data
[11-Apr-2026 16:35:13 Asia/Manila] [report.php] Payroll query executed. Date range: 2026-04-01 to 2026-04-30. Rows fetched: 17
[11-Apr-2026 16:35:13 Asia/Manila] [report.php] Attendance query executed. Date range: 2026-04-01 to 2026-04-30. Rows fetched: 41
[11-Apr-2026 16:35:13 Asia/Manila] [report.php] Approved overtime query executed. Date range: 2026-04-01 to 2026-04-30. Approved OT rows: 6
[11-Apr-2026 16:35:13 Asia/Manila] [report.php] Approved overtime organized. Employees with approved OT: 4
[11-Apr-2026 16:35:13 Asia/Manila] [report.php] About to process daily_payroll_reports data
[11-Apr-2026 16:35:13 Asia/Manila] [report.php] About to process attendance data
[11-Apr-2026 16:35:13 Asia/Manila] [report.php] Applied approved OT for emp_id=24: 3 hours
[11-Apr-2026 16:35:13 Asia/Manila] [report.php] Applied approved OT for emp_id=37: 2 hours
[11-Apr-2026 16:35:13 Asia/Manila] [report.php] About to calculate payroll
[11-Apr-2026 16:35:13 Asia/Manila] [report.php] Payroll calculated, about to load allowances
[11-Apr-2026 16:35:13 Asia/Manila] [report.php] Loading allowances for year=2026, month=04, week=2, view=range
[11-Apr-2026 16:35:13 Asia/Manila] [report.php] Found in DB: emp_id=12, allowance=0.00, loan=10.00
[11-Apr-2026 16:35:13 Asia/Manila] [report.php] Total employees with allowances: 1
[11-Apr-2026 16:35:13 Asia/Manila] [report.php] Employee IDs with allowances: 12
[11-Apr-2026 16:35:13 Asia/Manila] [report.php] About to merge allowances into employee data. Employee count: 63
[11-Apr-2026 16:35:13 Asia/Manila] [report.php] Weekly loans loaded: Array
(
    [12] => 10
)

[11-Apr-2026 16:35:13 Asia/Manila] [report.php] Merged loan for emp_id=12: 10
[11-Apr-2026 16:35:13 Asia/Manila] [report.php] No weekly loan found for emp_id=13, using daily value: 0
[11-Apr-2026 16:35:13 Asia/Manila] [report.php] No weekly loan found for emp_id=14, using daily value: 0
[11-Apr-2026 16:35:13 Asia/Manila] [report.php] No weekly loan found for emp_id=121, using daily value: 0
[11-Apr-2026 16:35:13 Asia/Manila] [report.php] No weekly loan found for emp_id=126, using daily value: 0
[11-Apr-2026 16:35:13 Asia/Manila] [report.php] No weekly loan found for emp_id=15, using daily value: 0
[11-Apr-2026 16:35:13 Asia/Manila] [report.php] No weekly loan found for emp_id=16, using daily value: 0
[11-Apr-2026 16:35:13 Asia/Manila] [report.php] No weekly loan found for emp_id=17, using daily value: 0
[11-Apr-2026 16:35:13 Asia/Manila] [report.php] No weekly loan found for emp_id=18, using daily value: 0
[11-Apr-2026 16:35:13 Asia/Manila] [report.php] No weekly loan found for emp_id=19, using daily value: 0
[11-Apr-2026 16:35:13 Asia/Manila] [report.php] No weekly loan found for emp_id=20, using daily value: 0
[11-Apr-2026 16:35:13 Asia/Manila] [report.php] No weekly loan found for emp_id=21, using daily value: 0
[11-Apr-2026 16:35:13 Asia/Manila] [report.php] No weekly loan found for emp_id=22, using daily value: 0
[11-Apr-2026 16:35:13 Asia/Manila] [report.php] No weekly loan found for emp_id=23, using daily value: 0
[11-Apr-2026 16:35:13 Asia/Manila] [report.php] No weekly loan found for emp_id=24, using daily value: 0
[11-Apr-2026 16:35:13 Asia/Manila] [report.php] No weekly loan found for emp_id=25, using daily value: 0
[11-Apr-2026 16:35:13 Asia/Manila] [report.php] No weekly loan found for emp_id=27, using daily value: 0
[11-Apr-2026 16:35:13 Asia/Manila] [report.php] No weekly loan found for emp_id=26, using daily value: 0
[11-Apr-2026 16:35:13 Asia/Manila] [report.php] No weekly loan found for emp_id=127, using daily value: 0
[11-Apr-2026 16:35:13 Asia/Manila] [report.php] No weekly loan found for emp_id=28, using daily value: 0
[11-Apr-2026 16:35:13 Asia/Manila] [report.php] No weekly loan found for emp_id=29, using daily value: 0
[11-Apr-2026 16:35:13 Asia/Manila] [report.php] No weekly loan found for emp_id=122, using daily value: 0
[11-Apr-2026 16:35:13 Asia/Manila] [report.php] No weekly loan found for emp_id=30, using daily value: 0
[11-Apr-2026 16:35:13 Asia/Manila] [report.php] No weekly loan found for emp_id=31, using daily value: 0
[11-Apr-2026 16:35:13 Asia/Manila] [report.php] No weekly loan found for emp_id=32, using daily value: 0
[11-Apr-2026 16:35:13 Asia/Manila] [report.php] No weekly loan found for emp_id=33, using daily value: 0
[11-Apr-2026 16:35:13 Asia/Manila] [report.php] No weekly loan found for emp_id=34, using daily value: 0
[11-Apr-2026 16:35:13 Asia/Manila] [report.php] No weekly loan found for emp_id=134, using daily value: 0
[11-Apr-2026 16:35:13 Asia/Manila] [report.php] No weekly loan found for emp_id=35, using daily value: 0
[11-Apr-2026 16:35:13 Asia/Manila] [report.php] No weekly loan found for emp_id=36, using daily value: 0
[11-Apr-2026 16:35:13 Asia/Manila] [report.php] No weekly loan found for emp_id=123, using daily value: 0
[11-Apr-2026 16:35:13 Asia/Manila] [report.php] No weekly loan found for emp_id=37, using daily value: 0
[11-Apr-2026 16:35:13 Asia/Manila] [report.php] No weekly loan found for emp_id=38, using daily value: 0
[11-Apr-2026 16:35:13 Asia/Manila] [report.php] No weekly loan found for emp_id=39, using daily value: 0
[11-Apr-2026 16:35:13 Asia/Manila] [report.php] No weekly loan found for emp_id=40, using daily value: 0
[11-Apr-2026 16:35:13 Asia/Manila] [report.php] No weekly loan found for emp_id=11, using daily value: 0
[11-Apr-2026 16:35:13 Asia/Manila] [report.php] No weekly loan found for emp_id=41, using daily value: 0
[11-Apr-2026 16:35:13 Asia/Manila] [report.php] No weekly loan found for emp_id=42, using daily value: 0
[11-Apr-2026 16:35:13 Asia/Manila] [report.php] No weekly loan found for emp_id=43, using daily value: 0
[11-Apr-2026 16:35:13 Asia/Manila] [report.php] No weekly loan found for emp_id=44, using daily value: 0
[11-Apr-2026 16:35:13 Asia/Manila] [report.php] No weekly loan found for emp_id=45, using daily value: 0
[11-Apr-2026 16:35:13 Asia/Manila] [report.php] No weekly loan found for emp_id=124, using daily value: 0
[11-Apr-2026 16:35:13 Asia/Manila] [report.php] No weekly loan found for emp_id=46, using daily value: 0
[11-Apr-2026 16:35:13 Asia/Manila] [report.php] No weekly loan found for emp_id=47, using daily value: 0
[11-Apr-2026 16:35:13 Asia/Manila] [report.php] No weekly loan found for emp_id=48, using daily value: 0
[11-Apr-2026 16:35:13 Asia/Manila] [report.php] No weekly loan found for emp_id=130, using daily value: 0
[11-Apr-2026 16:35:13 Asia/Manila] [report.php] No weekly loan found for emp_id=49, using daily value: 0
[11-Apr-2026 16:35:13 Asia/Manila] [report.php] No weekly loan found for emp_id=125, using daily value: 0
[11-Apr-2026 16:35:13 Asia/Manila] [report.php] No weekly loan found for emp_id=129, using daily value: 0
[11-Apr-2026 16:35:13 Asia/Manila] [report.php] No weekly loan found for emp_id=50, using daily value: 0
[11-Apr-2026 16:35:13 Asia/Manila] [report.php] No weekly loan found for emp_id=133, using daily value: 0
[11-Apr-2026 16:35:13 Asia/Manila] [report.php] No weekly loan found for emp_id=131, using daily value: 0
[11-Apr-2026 16:35:13 Asia/Manila] [report.php] No weekly loan found for emp_id=51, using daily value: 0
[11-Apr-2026 16:35:13 Asia/Manila] [report.php] No weekly loan found for emp_id=52, using daily value: 0
[11-Apr-2026 16:35:13 Asia/Manila] [report.php] No weekly loan found for emp_id=53, using daily value: 0
[11-Apr-2026 16:35:13 Asia/Manila] [report.php] No weekly loan found for emp_id=54, using daily value: 0
[11-Apr-2026 16:35:13 Asia/Manila] [report.php] No weekly loan found for emp_id=55, using daily value: 0
[11-Apr-2026 16:35:13 Asia/Manila] [report.php] No weekly loan found for emp_id=56, using daily value: 0
[11-Apr-2026 16:35:13 Asia/Manila] [report.php] No weekly loan found for emp_id=57, using daily value: 0
[11-Apr-2026 16:35:13 Asia/Manila] [report.php] No weekly loan found for emp_id=58, using daily value: 0
[11-Apr-2026 16:35:13 Asia/Manila] [report.php] No weekly loan found for emp_id=59, using daily value: 0
[11-Apr-2026 16:35:13 Asia/Manila] [report.php] No weekly loan found for emp_id=60, using daily value: 0
[11-Apr-2026 16:35:13 Asia/Manila] [report.php] No weekly loan found for emp_id=132, using daily value: 0
[11-Apr-2026 16:35:16 Asia/Manila] [report.php] File loaded - starting execution
[11-Apr-2026 16:35:16 Asia/Manila] [report.php] Received dates - start_date: , end_date: , view_type: range
[11-Apr-2026 16:35:16 Asia/Manila] [report.php] About to fetch payroll data
[11-Apr-2026 16:35:16 Asia/Manila] [report.php] Payroll query executed. Date range: 2026-04-01 to 2026-04-30. Rows fetched: 17
[11-Apr-2026 16:35:16 Asia/Manila] [report.php] Attendance query executed. Date range: 2026-04-01 to 2026-04-30. Rows fetched: 41
[11-Apr-2026 16:35:16 Asia/Manila] [report.php] Approved overtime query executed. Date range: 2026-04-01 to 2026-04-30. Approved OT rows: 6
[11-Apr-2026 16:35:16 Asia/Manila] [report.php] Approved overtime organized. Employees with approved OT: 4
[11-Apr-2026 16:35:16 Asia/Manila] [report.php] About to process daily_payroll_reports data
[11-Apr-2026 16:35:16 Asia/Manila] [report.php] About to process attendance data
[11-Apr-2026 16:35:16 Asia/Manila] [report.php] Applied approved OT for emp_id=24: 3 hours
[11-Apr-2026 16:35:16 Asia/Manila] [report.php] Applied approved OT for emp_id=37: 2 hours
[11-Apr-2026 16:35:16 Asia/Manila] [report.php] About to calculate payroll
[11-Apr-2026 16:35:16 Asia/Manila] [report.php] Payroll calculated, about to load allowances
[11-Apr-2026 16:35:16 Asia/Manila] [report.php] Loading allowances for year=2026, month=04, week=2, view=range
[11-Apr-2026 16:35:16 Asia/Manila] [report.php] Found in DB: emp_id=12, allowance=0.00, loan=10.00
[11-Apr-2026 16:35:16 Asia/Manila] [report.php] Total employees with allowances: 1
[11-Apr-2026 16:35:16 Asia/Manila] [report.php] Employee IDs with allowances: 12
[11-Apr-2026 16:35:16 Asia/Manila] [report.php] About to merge allowances into employee data. Employee count: 63
[11-Apr-2026 16:35:16 Asia/Manila] [report.php] Weekly loans loaded: Array
(
    [12] => 10
)

[11-Apr-2026 16:35:16 Asia/Manila] [report.php] Merged loan for emp_id=12: 10
[11-Apr-2026 16:35:16 Asia/Manila] [report.php] No weekly loan found for emp_id=13, using daily value: 0
[11-Apr-2026 16:35:16 Asia/Manila] [report.php] No weekly loan found for emp_id=14, using daily value: 0
[11-Apr-2026 16:35:16 Asia/Manila] [report.php] No weekly loan found for emp_id=121, using daily value: 0
[11-Apr-2026 16:35:16 Asia/Manila] [report.php] No weekly loan found for emp_id=126, using daily value: 0
[11-Apr-2026 16:35:16 Asia/Manila] [report.php] No weekly loan found for emp_id=15, using daily value: 0
[11-Apr-2026 16:35:16 Asia/Manila] [report.php] No weekly loan found for emp_id=16, using daily value: 0
[11-Apr-2026 16:35:16 Asia/Manila] [report.php] No weekly loan found for emp_id=17, using daily value: 0
[11-Apr-2026 16:35:16 Asia/Manila] [report.php] No weekly loan found for emp_id=18, using daily value: 0
[11-Apr-2026 16:35:16 Asia/Manila] [report.php] No weekly loan found for emp_id=19, using daily value: 0
[11-Apr-2026 16:35:16 Asia/Manila] [report.php] No weekly loan found for emp_id=20, using daily value: 0
[11-Apr-2026 16:35:16 Asia/Manila] [report.php] No weekly loan found for emp_id=21, using daily value: 0
[11-Apr-2026 16:35:16 Asia/Manila] [report.php] No weekly loan found for emp_id=22, using daily value: 0
[11-Apr-2026 16:35:16 Asia/Manila] [report.php] No weekly loan found for emp_id=23, using daily value: 0
[11-Apr-2026 16:35:16 Asia/Manila] [report.php] No weekly loan found for emp_id=24, using daily value: 0
[11-Apr-2026 16:35:16 Asia/Manila] [report.php] No weekly loan found for emp_id=25, using daily value: 0
[11-Apr-2026 16:35:16 Asia/Manila] [report.php] No weekly loan found for emp_id=27, using daily value: 0
[11-Apr-2026 16:35:16 Asia/Manila] [report.php] No weekly loan found for emp_id=26, using daily value: 0
[11-Apr-2026 16:35:16 Asia/Manila] [report.php] No weekly loan found for emp_id=127, using daily value: 0
[11-Apr-2026 16:35:16 Asia/Manila] [report.php] No weekly loan found for emp_id=28, using daily value: 0
[11-Apr-2026 16:35:16 Asia/Manila] [report.php] No weekly loan found for emp_id=29, using daily value: 0
[11-Apr-2026 16:35:16 Asia/Manila] [report.php] No weekly loan found for emp_id=122, using daily value: 0
[11-Apr-2026 16:35:16 Asia/Manila] [report.php] No weekly loan found for emp_id=30, using daily value: 0
[11-Apr-2026 16:35:16 Asia/Manila] [report.php] No weekly loan found for emp_id=31, using daily value: 0
[11-Apr-2026 16:35:16 Asia/Manila] [report.php] No weekly loan found for emp_id=32, using daily value: 0
[11-Apr-2026 16:35:16 Asia/Manila] [report.php] No weekly loan found for emp_id=33, using daily value: 0
[11-Apr-2026 16:35:16 Asia/Manila] [report.php] No weekly loan found for emp_id=34, using daily value: 0
[11-Apr-2026 16:35:16 Asia/Manila] [report.php] No weekly loan found for emp_id=134, using daily value: 0
[11-Apr-2026 16:35:16 Asia/Manila] [report.php] No weekly loan found for emp_id=35, using daily value: 0
[11-Apr-2026 16:35:16 Asia/Manila] [report.php] No weekly loan found for emp_id=36, using daily value: 0
[11-Apr-2026 16:35:16 Asia/Manila] [report.php] No weekly loan found for emp_id=123, using daily value: 0
[11-Apr-2026 16:35:16 Asia/Manila] [report.php] No weekly loan found for emp_id=37, using daily value: 0
[11-Apr-2026 16:35:16 Asia/Manila] [report.php] No weekly loan found for emp_id=38, using daily value: 0
[11-Apr-2026 16:35:16 Asia/Manila] [report.php] No weekly loan found for emp_id=39, using daily value: 0
[11-Apr-2026 16:35:16 Asia/Manila] [report.php] No weekly loan found for emp_id=40, using daily value: 0
[11-Apr-2026 16:35:16 Asia/Manila] [report.php] No weekly loan found for emp_id=11, using daily value: 0
[11-Apr-2026 16:35:16 Asia/Manila] [report.php] No weekly loan found for emp_id=41, using daily value: 0
[11-Apr-2026 16:35:16 Asia/Manila] [report.php] No weekly loan found for emp_id=42, using daily value: 0
[11-Apr-2026 16:35:16 Asia/Manila] [report.php] No weekly loan found for emp_id=43, using daily value: 0
[11-Apr-2026 16:35:16 Asia/Manila] [report.php] No weekly loan found for emp_id=44, using daily value: 0
[11-Apr-2026 16:35:16 Asia/Manila] [report.php] No weekly loan found for emp_id=45, using daily value: 0
[11-Apr-2026 16:35:16 Asia/Manila] [report.php] No weekly loan found for emp_id=124, using daily value: 0
[11-Apr-2026 16:35:16 Asia/Manila] [report.php] No weekly loan found for emp_id=46, using daily value: 0
[11-Apr-2026 16:35:16 Asia/Manila] [report.php] No weekly loan found for emp_id=47, using daily value: 0
[11-Apr-2026 16:35:16 Asia/Manila] [report.php] No weekly loan found for emp_id=48, using daily value: 0
[11-Apr-2026 16:35:16 Asia/Manila] [report.php] No weekly loan found for emp_id=130, using daily value: 0
[11-Apr-2026 16:35:16 Asia/Manila] [report.php] No weekly loan found for emp_id=49, using daily value: 0
[11-Apr-2026 16:35:16 Asia/Manila] [report.php] No weekly loan found for emp_id=125, using daily value: 0
[11-Apr-2026 16:35:16 Asia/Manila] [report.php] No weekly loan found for emp_id=129, using daily value: 0
[11-Apr-2026 16:35:16 Asia/Manila] [report.php] No weekly loan found for emp_id=50, using daily value: 0
[11-Apr-2026 16:35:16 Asia/Manila] [report.php] No weekly loan found for emp_id=133, using daily value: 0
[11-Apr-2026 16:35:16 Asia/Manila] [report.php] No weekly loan found for emp_id=131, using daily value: 0
[11-Apr-2026 16:35:16 Asia/Manila] [report.php] No weekly loan found for emp_id=51, using daily value: 0
[11-Apr-2026 16:35:16 Asia/Manila] [report.php] No weekly loan found for emp_id=52, using daily value: 0
[11-Apr-2026 16:35:16 Asia/Manila] [report.php] No weekly loan found for emp_id=53, using daily value: 0
[11-Apr-2026 16:35:16 Asia/Manila] [report.php] No weekly loan found for emp_id=54, using daily value: 0
[11-Apr-2026 16:35:16 Asia/Manila] [report.php] No weekly loan found for emp_id=55, using daily value: 0
[11-Apr-2026 16:35:16 Asia/Manila] [report.php] No weekly loan found for emp_id=56, using daily value: 0
[11-Apr-2026 16:35:16 Asia/Manila] [report.php] No weekly loan found for emp_id=57, using daily value: 0
[11-Apr-2026 16:35:16 Asia/Manila] [report.php] No weekly loan found for emp_id=58, using daily value: 0
[11-Apr-2026 16:35:16 Asia/Manila] [report.php] No weekly loan found for emp_id=59, using daily value: 0
[11-Apr-2026 16:35:16 Asia/Manila] [report.php] No weekly loan found for emp_id=60, using daily value: 0
[11-Apr-2026 16:35:16 Asia/Manila] [report.php] No weekly loan found for emp_id=132, using daily value: 0
[11-Apr-2026 08:35:19 UTC] [update_allowance.php] ========== SCRIPT STARTED ==========
[11-Apr-2026 16:35:19 Asia/Manila] [update_allowance.php] Starting transaction for emp=12, year=2026, month=4, week=2, view=range
[11-Apr-2026 16:36:42 Asia/Manila] [report.php] File loaded - starting execution
[11-Apr-2026 16:36:42 Asia/Manila] [report.php] Received dates - start_date: , end_date: , view_type: range
[11-Apr-2026 16:36:42 Asia/Manila] [report.php] About to fetch payroll data
[11-Apr-2026 16:36:42 Asia/Manila] [report.php] Payroll query executed. Date range: 2026-04-01 to 2026-04-30. Rows fetched: 17
[11-Apr-2026 16:36:42 Asia/Manila] [report.php] Attendance query executed. Date range: 2026-04-01 to 2026-04-30. Rows fetched: 41
[11-Apr-2026 16:36:42 Asia/Manila] [report.php] Approved overtime query executed. Date range: 2026-04-01 to 2026-04-30. Approved OT rows: 6
[11-Apr-2026 16:36:42 Asia/Manila] [report.php] Approved overtime organized. Employees with approved OT: 4
[11-Apr-2026 16:36:42 Asia/Manila] [report.php] About to process daily_payroll_reports data
[11-Apr-2026 16:36:42 Asia/Manila] [report.php] About to process attendance data
[11-Apr-2026 16:36:42 Asia/Manila] [report.php] Applied approved OT for emp_id=24: 3 hours
[11-Apr-2026 16:36:42 Asia/Manila] [report.php] Applied approved OT for emp_id=37: 2 hours
[11-Apr-2026 16:36:42 Asia/Manila] [report.php] About to calculate payroll
[11-Apr-2026 16:36:42 Asia/Manila] [report.php] Payroll calculated, about to load allowances
[11-Apr-2026 16:36:42 Asia/Manila] [report.php] Loading allowances for year=2026, month=04, week=2, view=range
[11-Apr-2026 16:36:42 Asia/Manila] [report.php] Found in DB: emp_id=12, allowance=0.00, loan=10.00
[11-Apr-2026 16:36:42 Asia/Manila] [report.php] Total employees with allowances: 1
[11-Apr-2026 16:36:42 Asia/Manila] [report.php] Employee IDs with allowances: 12
[11-Apr-2026 16:36:42 Asia/Manila] [report.php] About to merge allowances into employee data. Employee count: 63
[11-Apr-2026 16:36:42 Asia/Manila] [report.php] Weekly loans loaded: Array
(
    [12] => 10
)

[11-Apr-2026 16:36:42 Asia/Manila] [report.php] Merged loan for emp_id=12: 10
[11-Apr-2026 16:36:42 Asia/Manila] [report.php] No weekly loan found for emp_id=13, using daily value: 0
[11-Apr-2026 16:36:42 Asia/Manila] [report.php] No weekly loan found for emp_id=14, using daily value: 0
[11-Apr-2026 16:36:42 Asia/Manila] [report.php] No weekly loan found for emp_id=121, using daily value: 0
[11-Apr-2026 16:36:42 Asia/Manila] [report.php] No weekly loan found for emp_id=126, using daily value: 0
[11-Apr-2026 16:36:42 Asia/Manila] [report.php] No weekly loan found for emp_id=15, using daily value: 0
[11-Apr-2026 16:36:42 Asia/Manila] [report.php] No weekly loan found for emp_id=16, using daily value: 0
[11-Apr-2026 16:36:42 Asia/Manila] [report.php] No weekly loan found for emp_id=17, using daily value: 0
[11-Apr-2026 16:36:42 Asia/Manila] [report.php] No weekly loan found for emp_id=18, using daily value: 0
[11-Apr-2026 16:36:42 Asia/Manila] [report.php] No weekly loan found for emp_id=19, using daily value: 0
[11-Apr-2026 16:36:42 Asia/Manila] [report.php] No weekly loan found for emp_id=20, using daily value: 0
[11-Apr-2026 16:36:42 Asia/Manila] [report.php] No weekly loan found for emp_id=21, using daily value: 0
[11-Apr-2026 16:36:42 Asia/Manila] [report.php] No weekly loan found for emp_id=22, using daily value: 0
[11-Apr-2026 16:36:42 Asia/Manila] [report.php] No weekly loan found for emp_id=23, using daily value: 0
[11-Apr-2026 16:36:42 Asia/Manila] [report.php] No weekly loan found for emp_id=24, using daily value: 0
[11-Apr-2026 16:36:42 Asia/Manila] [report.php] No weekly loan found for emp_id=25, using daily value: 0
[11-Apr-2026 16:36:42 Asia/Manila] [report.php] No weekly loan found for emp_id=27, using daily value: 0
[11-Apr-2026 16:36:42 Asia/Manila] [report.php] No weekly loan found for emp_id=26, using daily value: 0
[11-Apr-2026 16:36:42 Asia/Manila] [report.php] No weekly loan found for emp_id=127, using daily value: 0
[11-Apr-2026 16:36:42 Asia/Manila] [report.php] No weekly loan found for emp_id=28, using daily value: 0
[11-Apr-2026 16:36:42 Asia/Manila] [report.php] No weekly loan found for emp_id=29, using daily value: 0
[11-Apr-2026 16:36:42 Asia/Manila] [report.php] No weekly loan found for emp_id=122, using daily value: 0
[11-Apr-2026 16:36:42 Asia/Manila] [report.php] No weekly loan found for emp_id=30, using daily value: 0
[11-Apr-2026 16:36:42 Asia/Manila] [report.php] No weekly loan found for emp_id=31, using daily value: 0
[11-Apr-2026 16:36:42 Asia/Manila] [report.php] No weekly loan found for emp_id=32, using daily value: 0
[11-Apr-2026 16:36:42 Asia/Manila] [report.php] No weekly loan found for emp_id=33, using daily value: 0
[11-Apr-2026 16:36:42 Asia/Manila] [report.php] No weekly loan found for emp_id=34, using daily value: 0
[11-Apr-2026 16:36:42 Asia/Manila] [report.php] No weekly loan found for emp_id=134, using daily value: 0
[11-Apr-2026 16:36:42 Asia/Manila] [report.php] No weekly loan found for emp_id=35, using daily value: 0
[11-Apr-2026 16:36:42 Asia/Manila] [report.php] No weekly loan found for emp_id=36, using daily value: 0
[11-Apr-2026 16:36:42 Asia/Manila] [report.php] No weekly loan found for emp_id=123, using daily value: 0
[11-Apr-2026 16:36:42 Asia/Manila] [report.php] No weekly loan found for emp_id=37, using daily value: 0
[11-Apr-2026 16:36:42 Asia/Manila] [report.php] No weekly loan found for emp_id=38, using daily value: 0
[11-Apr-2026 16:36:42 Asia/Manila] [report.php] No weekly loan found for emp_id=39, using daily value: 0
[11-Apr-2026 16:36:42 Asia/Manila] [report.php] No weekly loan found for emp_id=40, using daily value: 0
[11-Apr-2026 16:36:42 Asia/Manila] [report.php] No weekly loan found for emp_id=11, using daily value: 0
[11-Apr-2026 16:36:42 Asia/Manila] [report.php] No weekly loan found for emp_id=41, using daily value: 0
[11-Apr-2026 16:36:42 Asia/Manila] [report.php] No weekly loan found for emp_id=42, using daily value: 0
[11-Apr-2026 16:36:42 Asia/Manila] [report.php] No weekly loan found for emp_id=43, using daily value: 0
[11-Apr-2026 16:36:42 Asia/Manila] [report.php] No weekly loan found for emp_id=44, using daily value: 0
[11-Apr-2026 16:36:42 Asia/Manila] [report.php] No weekly loan found for emp_id=45, using daily value: 0
[11-Apr-2026 16:36:42 Asia/Manila] [report.php] No weekly loan found for emp_id=124, using daily value: 0
[11-Apr-2026 16:36:42 Asia/Manila] [report.php] No weekly loan found for emp_id=46, using daily value: 0
[11-Apr-2026 16:36:42 Asia/Manila] [report.php] No weekly loan found for emp_id=47, using daily value: 0
[11-Apr-2026 16:36:42 Asia/Manila] [report.php] No weekly loan found for emp_id=48, using daily value: 0
[11-Apr-2026 16:36:42 Asia/Manila] [report.php] No weekly loan found for emp_id=130, using daily value: 0
[11-Apr-2026 16:36:42 Asia/Manila] [report.php] No weekly loan found for emp_id=49, using daily value: 0
[11-Apr-2026 16:36:42 Asia/Manila] [report.php] No weekly loan found for emp_id=125, using daily value: 0
[11-Apr-2026 16:36:42 Asia/Manila] [report.php] No weekly loan found for emp_id=129, using daily value: 0
[11-Apr-2026 16:36:42 Asia/Manila] [report.php] No weekly loan found for emp_id=50, using daily value: 0
[11-Apr-2026 16:36:42 Asia/Manila] [report.php] No weekly loan found for emp_id=133, using daily value: 0
[11-Apr-2026 16:36:42 Asia/Manila] [report.php] No weekly loan found for emp_id=131, using daily value: 0
[11-Apr-2026 16:36:42 Asia/Manila] [report.php] No weekly loan found for emp_id=51, using daily value: 0
[11-Apr-2026 16:36:42 Asia/Manila] [report.php] No weekly loan found for emp_id=52, using daily value: 0
[11-Apr-2026 16:36:42 Asia/Manila] [report.php] No weekly loan found for emp_id=53, using daily value: 0
[11-Apr-2026 16:36:42 Asia/Manila] [report.php] No weekly loan found for emp_id=54, using daily value: 0
[11-Apr-2026 16:36:42 Asia/Manila] [report.php] No weekly loan found for emp_id=55, using daily value: 0
[11-Apr-2026 16:36:42 Asia/Manila] [report.php] No weekly loan found for emp_id=56, using daily value: 0
[11-Apr-2026 16:36:42 Asia/Manila] [report.php] No weekly loan found for emp_id=57, using daily value: 0
[11-Apr-2026 16:36:42 Asia/Manila] [report.php] No weekly loan found for emp_id=58, using daily value: 0
[11-Apr-2026 16:36:42 Asia/Manila] [report.php] No weekly loan found for emp_id=59, using daily value: 0
[11-Apr-2026 16:36:42 Asia/Manila] [report.php] No weekly loan found for emp_id=60, using daily value: 0
[11-Apr-2026 16:36:42 Asia/Manila] [report.php] No weekly loan found for emp_id=132, using daily value: 0
[11-Apr-2026 08:36:44 UTC] [update_allowance.php] ========== SCRIPT STARTED ==========
[11-Apr-2026 16:36:44 Asia/Manila] [update_allowance.php] Starting transaction for emp=12, year=2026, month=4, week=2, view=range
[11-Apr-2026 16:36:44 Asia/Manila] [update_allowance.php] About to update employees table
[11-Apr-2026 16:37:45 Asia/Manila] [report.php] File loaded - starting execution
[11-Apr-2026 16:37:45 Asia/Manila] [report.php] Received dates - start_date: , end_date: , view_type: range
[11-Apr-2026 16:37:45 Asia/Manila] [report.php] About to fetch payroll data
[11-Apr-2026 16:37:45 Asia/Manila] [report.php] Payroll query executed. Date range: 2026-04-01 to 2026-04-30. Rows fetched: 17
[11-Apr-2026 16:37:45 Asia/Manila] [report.php] Attendance query executed. Date range: 2026-04-01 to 2026-04-30. Rows fetched: 41
[11-Apr-2026 16:37:45 Asia/Manila] [report.php] Approved overtime query executed. Date range: 2026-04-01 to 2026-04-30. Approved OT rows: 6
[11-Apr-2026 16:37:45 Asia/Manila] [report.php] Approved overtime organized. Employees with approved OT: 4
[11-Apr-2026 16:37:45 Asia/Manila] [report.php] About to process daily_payroll_reports data
[11-Apr-2026 16:37:45 Asia/Manila] [report.php] About to process attendance data
[11-Apr-2026 16:37:45 Asia/Manila] [report.php] Applied approved OT for emp_id=24: 3 hours
[11-Apr-2026 16:37:45 Asia/Manila] [report.php] Applied approved OT for emp_id=37: 2 hours
[11-Apr-2026 16:37:45 Asia/Manila] [report.php] About to calculate payroll
[11-Apr-2026 16:37:45 Asia/Manila] [report.php] Payroll calculated, about to load allowances
[11-Apr-2026 16:37:45 Asia/Manila] [report.php] Loading allowances for year=2026, month=04, week=2, view=range
[11-Apr-2026 16:37:45 Asia/Manila] [report.php] Found in DB: emp_id=12, allowance=0.00, loan=10.00
[11-Apr-2026 16:37:45 Asia/Manila] [report.php] Total employees with allowances: 1
[11-Apr-2026 16:37:45 Asia/Manila] [report.php] Employee IDs with allowances: 12
[11-Apr-2026 16:37:45 Asia/Manila] [report.php] About to merge allowances into employee data. Employee count: 63
[11-Apr-2026 16:37:45 Asia/Manila] [report.php] Weekly loans loaded: Array
(
    [12] => 10
)

[11-Apr-2026 16:37:45 Asia/Manila] [report.php] Merged loan for emp_id=12: 10
[11-Apr-2026 16:37:45 Asia/Manila] [report.php] No weekly loan found for emp_id=13, using daily value: 0
[11-Apr-2026 16:37:45 Asia/Manila] [report.php] No weekly loan found for emp_id=14, using daily value: 0
[11-Apr-2026 16:37:45 Asia/Manila] [report.php] No weekly loan found for emp_id=121, using daily value: 0
[11-Apr-2026 16:37:45 Asia/Manila] [report.php] No weekly loan found for emp_id=126, using daily value: 0
[11-Apr-2026 16:37:45 Asia/Manila] [report.php] No weekly loan found for emp_id=15, using daily value: 0
[11-Apr-2026 16:37:45 Asia/Manila] [report.php] No weekly loan found for emp_id=16, using daily value: 0
[11-Apr-2026 16:37:45 Asia/Manila] [report.php] No weekly loan found for emp_id=17, using daily value: 0
[11-Apr-2026 16:37:45 Asia/Manila] [report.php] No weekly loan found for emp_id=18, using daily value: 0
[11-Apr-2026 16:37:45 Asia/Manila] [report.php] No weekly loan found for emp_id=19, using daily value: 0
[11-Apr-2026 16:37:45 Asia/Manila] [report.php] No weekly loan found for emp_id=20, using daily value: 0
[11-Apr-2026 16:37:45 Asia/Manila] [report.php] No weekly loan found for emp_id=21, using daily value: 0
[11-Apr-2026 16:37:45 Asia/Manila] [report.php] No weekly loan found for emp_id=22, using daily value: 0
[11-Apr-2026 16:37:45 Asia/Manila] [report.php] No weekly loan found for emp_id=23, using daily value: 0
[11-Apr-2026 16:37:45 Asia/Manila] [report.php] No weekly loan found for emp_id=24, using daily value: 0
[11-Apr-2026 16:37:45 Asia/Manila] [report.php] No weekly loan found for emp_id=25, using daily value: 0
[11-Apr-2026 16:37:45 Asia/Manila] [report.php] No weekly loan found for emp_id=27, using daily value: 0
[11-Apr-2026 16:37:45 Asia/Manila] [report.php] No weekly loan found for emp_id=26, using daily value: 0
[11-Apr-2026 16:37:45 Asia/Manila] [report.php] No weekly loan found for emp_id=127, using daily value: 0
[11-Apr-2026 16:37:45 Asia/Manila] [report.php] No weekly loan found for emp_id=28, using daily value: 0
[11-Apr-2026 16:37:45 Asia/Manila] [report.php] No weekly loan found for emp_id=29, using daily value: 0
[11-Apr-2026 16:37:45 Asia/Manila] [report.php] No weekly loan found for emp_id=122, using daily value: 0
[11-Apr-2026 16:37:45 Asia/Manila] [report.php] No weekly loan found for emp_id=30, using daily value: 0
[11-Apr-2026 16:37:45 Asia/Manila] [report.php] No weekly loan found for emp_id=31, using daily value: 0
[11-Apr-2026 16:37:45 Asia/Manila] [report.php] No weekly loan found for emp_id=32, using daily value: 0
[11-Apr-2026 16:37:45 Asia/Manila] [report.php] No weekly loan found for emp_id=33, using daily value: 0
[11-Apr-2026 16:37:45 Asia/Manila] [report.php] No weekly loan found for emp_id=34, using daily value: 0
[11-Apr-2026 16:37:45 Asia/Manila] [report.php] No weekly loan found for emp_id=134, using daily value: 0
[11-Apr-2026 16:37:45 Asia/Manila] [report.php] No weekly loan found for emp_id=35, using daily value: 0
[11-Apr-2026 16:37:45 Asia/Manila] [report.php] No weekly loan found for emp_id=36, using daily value: 0
[11-Apr-2026 16:37:45 Asia/Manila] [report.php] No weekly loan found for emp_id=123, using daily value: 0
[11-Apr-2026 16:37:45 Asia/Manila] [report.php] No weekly loan found for emp_id=37, using daily value: 0
[11-Apr-2026 16:37:45 Asia/Manila] [report.php] No weekly loan found for emp_id=38, using daily value: 0
[11-Apr-2026 16:37:45 Asia/Manila] [report.php] No weekly loan found for emp_id=39, using daily value: 0
[11-Apr-2026 16:37:45 Asia/Manila] [report.php] No weekly loan found for emp_id=40, using daily value: 0
[11-Apr-2026 16:37:45 Asia/Manila] [report.php] No weekly loan found for emp_id=11, using daily value: 0
[11-Apr-2026 16:37:45 Asia/Manila] [report.php] No weekly loan found for emp_id=41, using daily value: 0
[11-Apr-2026 16:37:45 Asia/Manila] [report.php] No weekly loan found for emp_id=42, using daily value: 0
[11-Apr-2026 16:37:45 Asia/Manila] [report.php] No weekly loan found for emp_id=43, using daily value: 0
[11-Apr-2026 16:37:45 Asia/Manila] [report.php] No weekly loan found for emp_id=44, using daily value: 0
[11-Apr-2026 16:37:45 Asia/Manila] [report.php] No weekly loan found for emp_id=45, using daily value: 0
[11-Apr-2026 16:37:45 Asia/Manila] [report.php] No weekly loan found for emp_id=124, using daily value: 0
[11-Apr-2026 16:37:45 Asia/Manila] [report.php] No weekly loan found for emp_id=46, using daily value: 0
[11-Apr-2026 16:37:45 Asia/Manila] [report.php] No weekly loan found for emp_id=47, using daily value: 0
[11-Apr-2026 16:37:45 Asia/Manila] [report.php] No weekly loan found for emp_id=48, using daily value: 0
[11-Apr-2026 16:37:45 Asia/Manila] [report.php] No weekly loan found for emp_id=130, using daily value: 0
[11-Apr-2026 16:37:45 Asia/Manila] [report.php] No weekly loan found for emp_id=49, using daily value: 0
[11-Apr-2026 16:37:45 Asia/Manila] [report.php] No weekly loan found for emp_id=125, using daily value: 0
[11-Apr-2026 16:37:45 Asia/Manila] [report.php] No weekly loan found for emp_id=129, using daily value: 0
[11-Apr-2026 16:37:45 Asia/Manila] [report.php] No weekly loan found for emp_id=50, using daily value: 0
[11-Apr-2026 16:37:45 Asia/Manila] [report.php] No weekly loan found for emp_id=133, using daily value: 0
[11-Apr-2026 16:37:45 Asia/Manila] [report.php] No weekly loan found for emp_id=131, using daily value: 0
[11-Apr-2026 16:37:45 Asia/Manila] [report.php] No weekly loan found for emp_id=51, using daily value: 0
[11-Apr-2026 16:37:45 Asia/Manila] [report.php] No weekly loan found for emp_id=52, using daily value: 0
[11-Apr-2026 16:37:45 Asia/Manila] [report.php] No weekly loan found for emp_id=53, using daily value: 0
[11-Apr-2026 16:37:45 Asia/Manila] [report.php] No weekly loan found for emp_id=54, using daily value: 0
[11-Apr-2026 16:37:45 Asia/Manila] [report.php] No weekly loan found for emp_id=55, using daily value: 0
[11-Apr-2026 16:37:45 Asia/Manila] [report.php] No weekly loan found for emp_id=56, using daily value: 0
[11-Apr-2026 16:37:45 Asia/Manila] [report.php] No weekly loan found for emp_id=57, using daily value: 0
[11-Apr-2026 16:37:45 Asia/Manila] [report.php] No weekly loan found for emp_id=58, using daily value: 0
[11-Apr-2026 16:37:45 Asia/Manila] [report.php] No weekly loan found for emp_id=59, using daily value: 0
[11-Apr-2026 16:37:45 Asia/Manila] [report.php] No weekly loan found for emp_id=60, using daily value: 0
[11-Apr-2026 16:37:45 Asia/Manila] [report.php] No weekly loan found for emp_id=132, using daily value: 0
[11-Apr-2026 08:37:48 UTC] [update_allowance.php] ========== SCRIPT STARTED ==========
[11-Apr-2026 16:37:48 Asia/Manila] [update_allowance.php] Starting transaction for emp=12, year=2026, month=4, week=2, view=range
[11-Apr-2026 16:37:48 Asia/Manila] [update_allowance.php] About to update employees table
[11-Apr-2026 16:37:48 Asia/Manila] [update_allowance.php] performance_allowance column doesn't exist in employees table, skipping
[11-Apr-2026 16:37:48 Asia/Manila] [update_allowance.php] About to query weekly_payroll_reports
[11-Apr-2026 16:37:51 Asia/Manila] [report.php] File loaded - starting execution
[11-Apr-2026 16:37:51 Asia/Manila] [report.php] Received dates - start_date: , end_date: , view_type: range
[11-Apr-2026 16:37:51 Asia/Manila] [report.php] About to fetch payroll data
[11-Apr-2026 16:37:51 Asia/Manila] [report.php] Payroll query executed. Date range: 2026-04-01 to 2026-04-30. Rows fetched: 17
[11-Apr-2026 16:37:51 Asia/Manila] [report.php] Attendance query executed. Date range: 2026-04-01 to 2026-04-30. Rows fetched: 41
[11-Apr-2026 16:37:51 Asia/Manila] [report.php] Approved overtime query executed. Date range: 2026-04-01 to 2026-04-30. Approved OT rows: 6
[11-Apr-2026 16:37:51 Asia/Manila] [report.php] Approved overtime organized. Employees with approved OT: 4
[11-Apr-2026 16:37:51 Asia/Manila] [report.php] About to process daily_payroll_reports data
[11-Apr-2026 16:37:51 Asia/Manila] [report.php] About to process attendance data
[11-Apr-2026 16:37:51 Asia/Manila] [report.php] Applied approved OT for emp_id=24: 3 hours
[11-Apr-2026 16:37:51 Asia/Manila] [report.php] Applied approved OT for emp_id=37: 2 hours
[11-Apr-2026 16:37:51 Asia/Manila] [report.php] About to calculate payroll
[11-Apr-2026 16:37:51 Asia/Manila] [report.php] Payroll calculated, about to load allowances
[11-Apr-2026 16:37:51 Asia/Manila] [report.php] Loading allowances for year=2026, month=04, week=2, view=range
[11-Apr-2026 16:37:51 Asia/Manila] [report.php] Found in DB: emp_id=12, allowance=10.00, loan=10.00
[11-Apr-2026 16:37:51 Asia/Manila] [report.php] Total employees with allowances: 1
[11-Apr-2026 16:37:51 Asia/Manila] [report.php] Employee IDs with allowances: 12
[11-Apr-2026 16:37:51 Asia/Manila] [report.php] About to merge allowances into employee data. Employee count: 63
[11-Apr-2026 16:37:51 Asia/Manila] [report.php] Weekly loans loaded: Array
(
    [12] => 10
)

[11-Apr-2026 16:37:51 Asia/Manila] [report.php] Merged loan for emp_id=12: 10
[11-Apr-2026 16:37:51 Asia/Manila] [report.php] No weekly loan found for emp_id=13, using daily value: 0
[11-Apr-2026 16:37:51 Asia/Manila] [report.php] No weekly loan found for emp_id=14, using daily value: 0
[11-Apr-2026 16:37:51 Asia/Manila] [report.php] No weekly loan found for emp_id=121, using daily value: 0
[11-Apr-2026 16:37:51 Asia/Manila] [report.php] No weekly loan found for emp_id=126, using daily value: 0
[11-Apr-2026 16:37:51 Asia/Manila] [report.php] No weekly loan found for emp_id=15, using daily value: 0
[11-Apr-2026 16:37:51 Asia/Manila] [report.php] No weekly loan found for emp_id=16, using daily value: 0
[11-Apr-2026 16:37:51 Asia/Manila] [report.php] No weekly loan found for emp_id=17, using daily value: 0
[11-Apr-2026 16:37:51 Asia/Manila] [report.php] No weekly loan found for emp_id=18, using daily value: 0
[11-Apr-2026 16:37:51 Asia/Manila] [report.php] No weekly loan found for emp_id=19, using daily value: 0
[11-Apr-2026 16:37:51 Asia/Manila] [report.php] No weekly loan found for emp_id=20, using daily value: 0
[11-Apr-2026 16:37:51 Asia/Manila] [report.php] No weekly loan found for emp_id=21, using daily value: 0
[11-Apr-2026 16:37:51 Asia/Manila] [report.php] No weekly loan found for emp_id=22, using daily value: 0
[11-Apr-2026 16:37:51 Asia/Manila] [report.php] No weekly loan found for emp_id=23, using daily value: 0
[11-Apr-2026 16:37:51 Asia/Manila] [report.php] No weekly loan found for emp_id=24, using daily value: 0
[11-Apr-2026 16:37:51 Asia/Manila] [report.php] No weekly loan found for emp_id=25, using daily value: 0
[11-Apr-2026 16:37:51 Asia/Manila] [report.php] No weekly loan found for emp_id=27, using daily value: 0
[11-Apr-2026 16:37:51 Asia/Manila] [report.php] No weekly loan found for emp_id=26, using daily value: 0
[11-Apr-2026 16:37:51 Asia/Manila] [report.php] No weekly loan found for emp_id=127, using daily value: 0
[11-Apr-2026 16:37:51 Asia/Manila] [report.php] No weekly loan found for emp_id=28, using daily value: 0
[11-Apr-2026 16:37:51 Asia/Manila] [report.php] No weekly loan found for emp_id=29, using daily value: 0
[11-Apr-2026 16:37:51 Asia/Manila] [report.php] No weekly loan found for emp_id=122, using daily value: 0
[11-Apr-2026 16:37:51 Asia/Manila] [report.php] No weekly loan found for emp_id=30, using daily value: 0
[11-Apr-2026 16:37:51 Asia/Manila] [report.php] No weekly loan found for emp_id=31, using daily value: 0
[11-Apr-2026 16:37:51 Asia/Manila] [report.php] No weekly loan found for emp_id=32, using daily value: 0
[11-Apr-2026 16:37:51 Asia/Manila] [report.php] No weekly loan found for emp_id=33, using daily value: 0
[11-Apr-2026 16:37:51 Asia/Manila] [report.php] No weekly loan found for emp_id=34, using daily value: 0
[11-Apr-2026 16:37:51 Asia/Manila] [report.php] No weekly loan found for emp_id=134, using daily value: 0
[11-Apr-2026 16:37:51 Asia/Manila] [report.php] No weekly loan found for emp_id=35, using daily value: 0
[11-Apr-2026 16:37:51 Asia/Manila] [report.php] No weekly loan found for emp_id=36, using daily value: 0
[11-Apr-2026 16:37:51 Asia/Manila] [report.php] No weekly loan found for emp_id=123, using daily value: 0
[11-Apr-2026 16:37:51 Asia/Manila] [report.php] No weekly loan found for emp_id=37, using daily value: 0
[11-Apr-2026 16:37:51 Asia/Manila] [report.php] No weekly loan found for emp_id=38, using daily value: 0
[11-Apr-2026 16:37:51 Asia/Manila] [report.php] No weekly loan found for emp_id=39, using daily value: 0
[11-Apr-2026 16:37:51 Asia/Manila] [report.php] No weekly loan found for emp_id=40, using daily value: 0
[11-Apr-2026 16:37:51 Asia/Manila] [report.php] No weekly loan found for emp_id=11, using daily value: 0
[11-Apr-2026 16:37:51 Asia/Manila] [report.php] No weekly loan found for emp_id=41, using daily value: 0
[11-Apr-2026 16:37:51 Asia/Manila] [report.php] No weekly loan found for emp_id=42, using daily value: 0
[11-Apr-2026 16:37:51 Asia/Manila] [report.php] No weekly loan found for emp_id=43, using daily value: 0
[11-Apr-2026 16:37:51 Asia/Manila] [report.php] No weekly loan found for emp_id=44, using daily value: 0
[11-Apr-2026 16:37:51 Asia/Manila] [report.php] No weekly loan found for emp_id=45, using daily value: 0
[11-Apr-2026 16:37:51 Asia/Manila] [report.php] No weekly loan found for emp_id=124, using daily value: 0
[11-Apr-2026 16:37:51 Asia/Manila] [report.php] No weekly loan found for emp_id=46, using daily value: 0
[11-Apr-2026 16:37:51 Asia/Manila] [report.php] No weekly loan found for emp_id=47, using daily value: 0
[11-Apr-2026 16:37:51 Asia/Manila] [report.php] No weekly loan found for emp_id=48, using daily value: 0
[11-Apr-2026 16:37:51 Asia/Manila] [report.php] No weekly loan found for emp_id=130, using daily value: 0
[11-Apr-2026 16:37:51 Asia/Manila] [report.php] No weekly loan found for emp_id=49, using daily value: 0
[11-Apr-2026 16:37:51 Asia/Manila] [report.php] No weekly loan found for emp_id=125, using daily value: 0
[11-Apr-2026 16:37:51 Asia/Manila] [report.php] No weekly loan found for emp_id=129, using daily value: 0
[11-Apr-2026 16:37:51 Asia/Manila] [report.php] No weekly loan found for emp_id=50, using daily value: 0
[11-Apr-2026 16:37:51 Asia/Manila] [report.php] No weekly loan found for emp_id=133, using daily value: 0
[11-Apr-2026 16:37:51 Asia/Manila] [report.php] No weekly loan found for emp_id=131, using daily value: 0
[11-Apr-2026 16:37:51 Asia/Manila] [report.php] No weekly loan found for emp_id=51, using daily value: 0
[11-Apr-2026 16:37:51 Asia/Manila] [report.php] No weekly loan found for emp_id=52, using daily value: 0
[11-Apr-2026 16:37:51 Asia/Manila] [report.php] No weekly loan found for emp_id=53, using daily value: 0
[11-Apr-2026 16:37:51 Asia/Manila] [report.php] No weekly loan found for emp_id=54, using daily value: 0
[11-Apr-2026 16:37:51 Asia/Manila] [report.php] No weekly loan found for emp_id=55, using daily value: 0
[11-Apr-2026 16:37:51 Asia/Manila] [report.php] No weekly loan found for emp_id=56, using daily value: 0
[11-Apr-2026 16:37:51 Asia/Manila] [report.php] No weekly loan found for emp_id=57, using daily value: 0
[11-Apr-2026 16:37:51 Asia/Manila] [report.php] No weekly loan found for emp_id=58, using daily value: 0
[11-Apr-2026 16:37:51 Asia/Manila] [report.php] No weekly loan found for emp_id=59, using daily value: 0
[11-Apr-2026 16:37:51 Asia/Manila] [report.php] No weekly loan found for emp_id=60, using daily value: 0
[11-Apr-2026 16:37:51 Asia/Manila] [report.php] No weekly loan found for emp_id=132, using daily value: 0
[11-Apr-2026 16:48:06 Asia/Manila] [report.php] File loaded - starting execution
[11-Apr-2026 16:48:06 Asia/Manila] [report.php] Received dates - start_date: , end_date: , view_type: range
[11-Apr-2026 16:48:06 Asia/Manila] [report.php] About to fetch payroll data
[11-Apr-2026 16:48:06 Asia/Manila] [report.php] Payroll query executed. Date range: 2026-04-01 to 2026-04-30. Rows fetched: 17
[11-Apr-2026 16:48:06 Asia/Manila] [report.php] Attendance query executed. Date range: 2026-04-01 to 2026-04-30. Rows fetched: 41
[11-Apr-2026 16:48:06 Asia/Manila] [report.php] Approved overtime query executed. Date range: 2026-04-01 to 2026-04-30. Approved OT rows: 6
[11-Apr-2026 16:48:06 Asia/Manila] [report.php] Approved overtime organized. Employees with approved OT: 4
[11-Apr-2026 16:48:06 Asia/Manila] [report.php] About to process daily_payroll_reports data
[11-Apr-2026 16:48:06 Asia/Manila] [report.php] About to process attendance data
[11-Apr-2026 16:48:06 Asia/Manila] [report.php] Applied approved OT for emp_id=24: 3 hours
[11-Apr-2026 16:48:06 Asia/Manila] [report.php] Applied approved OT for emp_id=37: 2 hours
[11-Apr-2026 16:48:06 Asia/Manila] [report.php] About to calculate payroll
[11-Apr-2026 16:48:06 Asia/Manila] [report.php] Payroll calculated, about to load allowances
[11-Apr-2026 16:48:06 Asia/Manila] [report.php] Loading allowances for year=2026, month=04, week=2, view=range
[11-Apr-2026 16:48:06 Asia/Manila] [report.php] Total employees with allowances: 0
[11-Apr-2026 16:48:06 Asia/Manila] [report.php] Employee IDs with allowances: 
[11-Apr-2026 16:48:06 Asia/Manila] [report.php] About to merge allowances into employee data. Employee count: 63
[11-Apr-2026 16:48:06 Asia/Manila] [report.php] Weekly loans loaded: Array
(
)

[11-Apr-2026 16:48:06 Asia/Manila] [report.php] No weekly loan found for emp_id=12, using daily value: 0
[11-Apr-2026 16:48:06 Asia/Manila] [report.php] No weekly loan found for emp_id=13, using daily value: 0
[11-Apr-2026 16:48:06 Asia/Manila] [report.php] No weekly loan found for emp_id=14, using daily value: 0
[11-Apr-2026 16:48:06 Asia/Manila] [report.php] No weekly loan found for emp_id=121, using daily value: 0
[11-Apr-2026 16:48:06 Asia/Manila] [report.php] No weekly loan found for emp_id=126, using daily value: 0
[11-Apr-2026 16:48:06 Asia/Manila] [report.php] No weekly loan found for emp_id=15, using daily value: 0
[11-Apr-2026 16:48:06 Asia/Manila] [report.php] No weekly loan found for emp_id=16, using daily value: 0
[11-Apr-2026 16:48:06 Asia/Manila] [report.php] No weekly loan found for emp_id=17, using daily value: 0
[11-Apr-2026 16:48:06 Asia/Manila] [report.php] No weekly loan found for emp_id=18, using daily value: 0
[11-Apr-2026 16:48:06 Asia/Manila] [report.php] No weekly loan found for emp_id=19, using daily value: 0
[11-Apr-2026 16:48:06 Asia/Manila] [report.php] No weekly loan found for emp_id=20, using daily value: 0
[11-Apr-2026 16:48:06 Asia/Manila] [report.php] No weekly loan found for emp_id=21, using daily value: 0
[11-Apr-2026 16:48:06 Asia/Manila] [report.php] No weekly loan found for emp_id=22, using daily value: 0
[11-Apr-2026 16:48:06 Asia/Manila] [report.php] No weekly loan found for emp_id=23, using daily value: 0
[11-Apr-2026 16:48:06 Asia/Manila] [report.php] No weekly loan found for emp_id=24, using daily value: 0
[11-Apr-2026 16:48:06 Asia/Manila] [report.php] No weekly loan found for emp_id=25, using daily value: 0
[11-Apr-2026 16:48:06 Asia/Manila] [report.php] No weekly loan found for emp_id=27, using daily value: 0
[11-Apr-2026 16:48:06 Asia/Manila] [report.php] No weekly loan found for emp_id=26, using daily value: 0
[11-Apr-2026 16:48:06 Asia/Manila] [report.php] No weekly loan found for emp_id=127, using daily value: 0
[11-Apr-2026 16:48:06 Asia/Manila] [report.php] No weekly loan found for emp_id=28, using daily value: 0
[11-Apr-2026 16:48:06 Asia/Manila] [report.php] No weekly loan found for emp_id=29, using daily value: 0
[11-Apr-2026 16:48:06 Asia/Manila] [report.php] No weekly loan found for emp_id=122, using daily value: 0
[11-Apr-2026 16:48:06 Asia/Manila] [report.php] No weekly loan found for emp_id=30, using daily value: 0
[11-Apr-2026 16:48:06 Asia/Manila] [report.php] No weekly loan found for emp_id=31, using daily value: 0
[11-Apr-2026 16:48:06 Asia/Manila] [report.php] No weekly loan found for emp_id=32, using daily value: 0
[11-Apr-2026 16:48:06 Asia/Manila] [report.php] No weekly loan found for emp_id=33, using daily value: 0
[11-Apr-2026 16:48:06 Asia/Manila] [report.php] No weekly loan found for emp_id=34, using daily value: 0
[11-Apr-2026 16:48:06 Asia/Manila] [report.php] No weekly loan found for emp_id=134, using daily value: 0
[11-Apr-2026 16:48:06 Asia/Manila] [report.php] No weekly loan found for emp_id=35, using daily value: 0
[11-Apr-2026 16:48:06 Asia/Manila] [report.php] No weekly loan found for emp_id=36, using daily value: 0
[11-Apr-2026 16:48:06 Asia/Manila] [report.php] No weekly loan found for emp_id=123, using daily value: 0
[11-Apr-2026 16:48:06 Asia/Manila] [report.php] No weekly loan found for emp_id=37, using daily value: 0
[11-Apr-2026 16:48:06 Asia/Manila] [report.php] No weekly loan found for emp_id=38, using daily value: 0
[11-Apr-2026 16:48:06 Asia/Manila] [report.php] No weekly loan found for emp_id=39, using daily value: 0
[11-Apr-2026 16:48:06 Asia/Manila] [report.php] No weekly loan found for emp_id=40, using daily value: 0
[11-Apr-2026 16:48:06 Asia/Manila] [report.php] No weekly loan found for emp_id=11, using daily value: 0
[11-Apr-2026 16:48:06 Asia/Manila] [report.php] No weekly loan found for emp_id=41, using daily value: 0
[11-Apr-2026 16:48:06 Asia/Manila] [report.php] No weekly loan found for emp_id=42, using daily value: 0
[11-Apr-2026 16:48:06 Asia/Manila] [report.php] No weekly loan found for emp_id=43, using daily value: 0
[11-Apr-2026 16:48:06 Asia/Manila] [report.php] No weekly loan found for emp_id=44, using daily value: 0
[11-Apr-2026 16:48:06 Asia/Manila] [report.php] No weekly loan found for emp_id=45, using daily value: 0
[11-Apr-2026 16:48:06 Asia/Manila] [report.php] No weekly loan found for emp_id=124, using daily value: 0
[11-Apr-2026 16:48:06 Asia/Manila] [report.php] No weekly loan found for emp_id=46, using daily value: 0
[11-Apr-2026 16:48:06 Asia/Manila] [report.php] No weekly loan found for emp_id=47, using daily value: 0
[11-Apr-2026 16:48:06 Asia/Manila] [report.php] No weekly loan found for emp_id=48, using daily value: 0
[11-Apr-2026 16:48:06 Asia/Manila] [report.php] No weekly loan found for emp_id=130, using daily value: 0
[11-Apr-2026 16:48:06 Asia/Manila] [report.php] No weekly loan found for emp_id=49, using daily value: 0
[11-Apr-2026 16:48:06 Asia/Manila] [report.php] No weekly loan found for emp_id=125, using daily value: 0
[11-Apr-2026 16:48:06 Asia/Manila] [report.php] No weekly loan found for emp_id=129, using daily value: 0
[11-Apr-2026 16:48:06 Asia/Manila] [report.php] No weekly loan found for emp_id=50, using daily value: 0
[11-Apr-2026 16:48:06 Asia/Manila] [report.php] No weekly loan found for emp_id=133, using daily value: 0
[11-Apr-2026 16:48:06 Asia/Manila] [report.php] No weekly loan found for emp_id=131, using daily value: 0
[11-Apr-2026 16:48:06 Asia/Manila] [report.php] No weekly loan found for emp_id=51, using daily value: 0
[11-Apr-2026 16:48:06 Asia/Manila] [report.php] No weekly loan found for emp_id=52, using daily value: 0
[11-Apr-2026 16:48:06 Asia/Manila] [report.php] No weekly loan found for emp_id=53, using daily value: 0
[11-Apr-2026 16:48:06 Asia/Manila] [report.php] No weekly loan found for emp_id=54, using daily value: 0
[11-Apr-2026 16:48:06 Asia/Manila] [report.php] No weekly loan found for emp_id=55, using daily value: 0
[11-Apr-2026 16:48:06 Asia/Manila] [report.php] No weekly loan found for emp_id=56, using daily value: 0
[11-Apr-2026 16:48:06 Asia/Manila] [report.php] No weekly loan found for emp_id=57, using daily value: 0
[11-Apr-2026 16:48:06 Asia/Manila] [report.php] No weekly loan found for emp_id=58, using daily value: 0
[11-Apr-2026 16:48:06 Asia/Manila] [report.php] No weekly loan found for emp_id=59, using daily value: 0
[11-Apr-2026 16:48:06 Asia/Manila] [report.php] No weekly loan found for emp_id=60, using daily value: 0
[11-Apr-2026 16:48:06 Asia/Manila] [report.php] No weekly loan found for emp_id=132, using daily value: 0
[13-Apr-2026 07:18:44 Asia/Manila] [report.php] File loaded - starting execution
[13-Apr-2026 07:18:44 Asia/Manila] [report.php] Received dates - start_date: , end_date: , view_type: range
[13-Apr-2026 07:18:44 Asia/Manila] [report.php] About to fetch payroll data
[13-Apr-2026 07:18:44 Asia/Manila] [report.php] Payroll query executed. Date range: 2026-04-01 to 2026-04-30. Rows fetched: 17
[13-Apr-2026 07:18:44 Asia/Manila] [report.php] Attendance query executed. Date range: 2026-04-01 to 2026-04-30. Rows fetched: 41
[13-Apr-2026 07:18:44 Asia/Manila] [report.php] Approved overtime query executed. Date range: 2026-04-01 to 2026-04-30. Approved OT rows: 6
[13-Apr-2026 07:18:44 Asia/Manila] [report.php] Approved overtime organized. Employees with approved OT: 4
[13-Apr-2026 07:18:44 Asia/Manila] [report.php] About to process daily_payroll_reports data
[13-Apr-2026 07:18:44 Asia/Manila] [report.php] About to process attendance data
[13-Apr-2026 07:18:44 Asia/Manila] [report.php] Applied approved OT for emp_id=24: 3 hours
[13-Apr-2026 07:18:44 Asia/Manila] [report.php] Applied approved OT for emp_id=37: 2 hours
[13-Apr-2026 07:18:44 Asia/Manila] [report.php] About to calculate payroll
[13-Apr-2026 07:18:44 Asia/Manila] [report.php] Payroll calculated, about to load allowances
[13-Apr-2026 07:18:44 Asia/Manila] [report.php] Loading allowances for year=2026, month=04, week=2, view=range
[13-Apr-2026 07:18:44 Asia/Manila] [report.php] Total employees with allowances: 0
[13-Apr-2026 07:18:44 Asia/Manila] [report.php] Employee IDs with allowances: 
[13-Apr-2026 07:18:44 Asia/Manila] [report.php] About to merge allowances into employee data. Employee count: 63
[13-Apr-2026 07:18:44 Asia/Manila] [report.php] Weekly loans loaded: Array
(
)

[13-Apr-2026 07:18:44 Asia/Manila] [report.php] No weekly loan found for emp_id=12, using daily value: 0
[13-Apr-2026 07:18:44 Asia/Manila] [report.php] No weekly loan found for emp_id=13, using daily value: 0
[13-Apr-2026 07:18:44 Asia/Manila] [report.php] No weekly loan found for emp_id=14, using daily value: 0
[13-Apr-2026 07:18:44 Asia/Manila] [report.php] No weekly loan found for emp_id=121, using daily value: 0
[13-Apr-2026 07:18:44 Asia/Manila] [report.php] No weekly loan found for emp_id=126, using daily value: 0
[13-Apr-2026 07:18:44 Asia/Manila] [report.php] No weekly loan found for emp_id=15, using daily value: 0
[13-Apr-2026 07:18:44 Asia/Manila] [report.php] No weekly loan found for emp_id=16, using daily value: 0
[13-Apr-2026 07:18:44 Asia/Manila] [report.php] No weekly loan found for emp_id=17, using daily value: 0
[13-Apr-2026 07:18:44 Asia/Manila] [report.php] No weekly loan found for emp_id=18, using daily value: 0
[13-Apr-2026 07:18:44 Asia/Manila] [report.php] No weekly loan found for emp_id=19, using daily value: 0
[13-Apr-2026 07:18:44 Asia/Manila] [report.php] No weekly loan found for emp_id=20, using daily value: 0
[13-Apr-2026 07:18:44 Asia/Manila] [report.php] No weekly loan found for emp_id=21, using daily value: 0
[13-Apr-2026 07:18:44 Asia/Manila] [report.php] No weekly loan found for emp_id=22, using daily value: 0
[13-Apr-2026 07:18:44 Asia/Manila] [report.php] No weekly loan found for emp_id=23, using daily value: 0
[13-Apr-2026 07:18:44 Asia/Manila] [report.php] No weekly loan found for emp_id=24, using daily value: 0
[13-Apr-2026 07:18:44 Asia/Manila] [report.php] No weekly loan found for emp_id=25, using daily value: 0
[13-Apr-2026 07:18:44 Asia/Manila] [report.php] No weekly loan found for emp_id=27, using daily value: 0
[13-Apr-2026 07:18:44 Asia/Manila] [report.php] No weekly loan found for emp_id=26, using daily value: 0
[13-Apr-2026 07:18:44 Asia/Manila] [report.php] No weekly loan found for emp_id=127, using daily value: 0
[13-Apr-2026 07:18:44 Asia/Manila] [report.php] No weekly loan found for emp_id=28, using daily value: 0
[13-Apr-2026 07:18:44 Asia/Manila] [report.php] No weekly loan found for emp_id=29, using daily value: 0
[13-Apr-2026 07:18:44 Asia/Manila] [report.php] No weekly loan found for emp_id=122, using daily value: 0
[13-Apr-2026 07:18:44 Asia/Manila] [report.php] No weekly loan found for emp_id=30, using daily value: 0
[13-Apr-2026 07:18:44 Asia/Manila] [report.php] No weekly loan found for emp_id=31, using daily value: 0
[13-Apr-2026 07:18:44 Asia/Manila] [report.php] No weekly loan found for emp_id=32, using daily value: 0
[13-Apr-2026 07:18:44 Asia/Manila] [report.php] No weekly loan found for emp_id=33, using daily value: 0
[13-Apr-2026 07:18:44 Asia/Manila] [report.php] No weekly loan found for emp_id=34, using daily value: 0
[13-Apr-2026 07:18:44 Asia/Manila] [report.php] No weekly loan found for emp_id=134, using daily value: 0
[13-Apr-2026 07:18:44 Asia/Manila] [report.php] No weekly loan found for emp_id=35, using daily value: 0
[13-Apr-2026 07:18:44 Asia/Manila] [report.php] No weekly loan found for emp_id=36, using daily value: 0
[13-Apr-2026 07:18:44 Asia/Manila] [report.php] No weekly loan found for emp_id=123, using daily value: 0
[13-Apr-2026 07:18:44 Asia/Manila] [report.php] No weekly loan found for emp_id=37, using daily value: 0
[13-Apr-2026 07:18:44 Asia/Manila] [report.php] No weekly loan found for emp_id=38, using daily value: 0
[13-Apr-2026 07:18:44 Asia/Manila] [report.php] No weekly loan found for emp_id=39, using daily value: 0
[13-Apr-2026 07:18:44 Asia/Manila] [report.php] No weekly loan found for emp_id=40, using daily value: 0
[13-Apr-2026 07:18:44 Asia/Manila] [report.php] No weekly loan found for emp_id=11, using daily value: 0
[13-Apr-2026 07:18:44 Asia/Manila] [report.php] No weekly loan found for emp_id=41, using daily value: 0
[13-Apr-2026 07:18:44 Asia/Manila] [report.php] No weekly loan found for emp_id=42, using daily value: 0
[13-Apr-2026 07:18:44 Asia/Manila] [report.php] No weekly loan found for emp_id=43, using daily value: 0
[13-Apr-2026 07:18:44 Asia/Manila] [report.php] No weekly loan found for emp_id=44, using daily value: 0
[13-Apr-2026 07:18:44 Asia/Manila] [report.php] No weekly loan found for emp_id=45, using daily value: 0
[13-Apr-2026 07:18:44 Asia/Manila] [report.php] No weekly loan found for emp_id=124, using daily value: 0
[13-Apr-2026 07:18:44 Asia/Manila] [report.php] No weekly loan found for emp_id=46, using daily value: 0
[13-Apr-2026 07:18:44 Asia/Manila] [report.php] No weekly loan found for emp_id=47, using daily value: 0
[13-Apr-2026 07:18:44 Asia/Manila] [report.php] No weekly loan found for emp_id=48, using daily value: 0
[13-Apr-2026 07:18:44 Asia/Manila] [report.php] No weekly loan found for emp_id=130, using daily value: 0
[13-Apr-2026 07:18:44 Asia/Manila] [report.php] No weekly loan found for emp_id=49, using daily value: 0
[13-Apr-2026 07:18:44 Asia/Manila] [report.php] No weekly loan found for emp_id=125, using daily value: 0
[13-Apr-2026 07:18:44 Asia/Manila] [report.php] No weekly loan found for emp_id=129, using daily value: 0
[13-Apr-2026 07:18:44 Asia/Manila] [report.php] No weekly loan found for emp_id=50, using daily value: 0
[13-Apr-2026 07:18:44 Asia/Manila] [report.php] No weekly loan found for emp_id=133, using daily value: 0
[13-Apr-2026 07:18:44 Asia/Manila] [report.php] No weekly loan found for emp_id=131, using daily value: 0
[13-Apr-2026 07:18:44 Asia/Manila] [report.php] No weekly loan found for emp_id=51, using daily value: 0
[13-Apr-2026 07:18:44 Asia/Manila] [report.php] No weekly loan found for emp_id=52, using daily value: 0
[13-Apr-2026 07:18:44 Asia/Manila] [report.php] No weekly loan found for emp_id=53, using daily value: 0
[13-Apr-2026 07:18:44 Asia/Manila] [report.php] No weekly loan found for emp_id=54, using daily value: 0
[13-Apr-2026 07:18:44 Asia/Manila] [report.php] No weekly loan found for emp_id=55, using daily value: 0
[13-Apr-2026 07:18:44 Asia/Manila] [report.php] No weekly loan found for emp_id=56, using daily value: 0
[13-Apr-2026 07:18:44 Asia/Manila] [report.php] No weekly loan found for emp_id=57, using daily value: 0
[13-Apr-2026 07:18:44 Asia/Manila] [report.php] No weekly loan found for emp_id=58, using daily value: 0
[13-Apr-2026 07:18:44 Asia/Manila] [report.php] No weekly loan found for emp_id=59, using daily value: 0
[13-Apr-2026 07:18:44 Asia/Manila] [report.php] No weekly loan found for emp_id=60, using daily value: 0
[13-Apr-2026 07:18:44 Asia/Manila] [report.php] No weekly loan found for emp_id=132, using daily value: 0
[13-Apr-2026 07:18:58 Asia/Manila] [report.php] File loaded - starting execution
[13-Apr-2026 07:18:58 Asia/Manila] [report.php] Received dates - start_date: 2026-04-13, end_date: 2026-04-17, view_type: range
[13-Apr-2026 07:18:58 Asia/Manila] [report.php] About to fetch payroll data
[13-Apr-2026 07:18:58 Asia/Manila] [report.php] Payroll query executed. Date range: 2026-04-13 to 2026-04-17. Rows fetched: 0
[13-Apr-2026 07:18:58 Asia/Manila] [report.php] Attendance query executed. Date range: 2026-04-13 to 2026-04-17. Rows fetched: 0
[13-Apr-2026 07:18:58 Asia/Manila] [report.php] Approved overtime query executed. Date range: 2026-04-13 to 2026-04-17. Approved OT rows: 0
[13-Apr-2026 07:18:58 Asia/Manila] [report.php] Approved overtime organized. Employees with approved OT: 0
[13-Apr-2026 07:18:58 Asia/Manila] [report.php] About to process daily_payroll_reports data
[13-Apr-2026 07:18:58 Asia/Manila] [report.php] About to process attendance data
[13-Apr-2026 07:18:58 Asia/Manila] [report.php] About to calculate payroll
[13-Apr-2026 07:18:58 Asia/Manila] [report.php] Payroll calculated, about to load allowances
[13-Apr-2026 07:18:58 Asia/Manila] [report.php] Loading allowances for year=2026, month=04, week=2, view=range
[13-Apr-2026 07:18:58 Asia/Manila] [report.php] Total employees with allowances: 0
[13-Apr-2026 07:18:58 Asia/Manila] [report.php] Employee IDs with allowances: 
[13-Apr-2026 07:18:58 Asia/Manila] [report.php] About to merge allowances into employee data. Employee count: 63
[13-Apr-2026 07:18:58 Asia/Manila] [report.php] Weekly loans loaded: Array
(
)

[13-Apr-2026 07:18:58 Asia/Manila] [report.php] No weekly loan found for emp_id=12, using daily value: 110
[13-Apr-2026 07:18:58 Asia/Manila] [report.php] No weekly loan found for emp_id=13, using daily value: 10
[13-Apr-2026 07:18:58 Asia/Manila] [report.php] No weekly loan found for emp_id=14, using daily value: 0
[13-Apr-2026 07:18:58 Asia/Manila] [report.php] No weekly loan found for emp_id=121, using daily value: 0
[13-Apr-2026 07:18:58 Asia/Manila] [report.php] No weekly loan found for emp_id=126, using daily value: 0
[13-Apr-2026 07:18:58 Asia/Manila] [report.php] No weekly loan found for emp_id=15, using daily value: 0
[13-Apr-2026 07:18:58 Asia/Manila] [report.php] No weekly loan found for emp_id=16, using daily value: 0
[13-Apr-2026 07:18:58 Asia/Manila] [report.php] No weekly loan found for emp_id=17, using daily value: 0
[13-Apr-2026 07:18:58 Asia/Manila] [report.php] No weekly loan found for emp_id=18, using daily value: 0
[13-Apr-2026 07:18:58 Asia/Manila] [report.php] No weekly loan found for emp_id=19, using daily value: 0
[13-Apr-2026 07:18:58 Asia/Manila] [report.php] No weekly loan found for emp_id=20, using daily value: 0
[13-Apr-2026 07:18:58 Asia/Manila] [report.php] No weekly loan found for emp_id=21, using daily value: 0
[13-Apr-2026 07:18:58 Asia/Manila] [report.php] No weekly loan found for emp_id=22, using daily value: 0
[13-Apr-2026 07:18:58 Asia/Manila] [report.php] No weekly loan found for emp_id=23, using daily value: 0
[13-Apr-2026 07:18:58 Asia/Manila] [report.php] No weekly loan found for emp_id=24, using daily value: 0
[13-Apr-2026 07:18:58 Asia/Manila] [report.php] No weekly loan found for emp_id=25, using daily value: 0
[13-Apr-2026 07:18:58 Asia/Manila] [report.php] No weekly loan found for emp_id=27, using daily value: 0
[13-Apr-2026 07:18:58 Asia/Manila] [report.php] No weekly loan found for emp_id=26, using daily value: 0
[13-Apr-2026 07:18:58 Asia/Manila] [report.php] No weekly loan found for emp_id=127, using daily value: 0
[13-Apr-2026 07:18:58 Asia/Manila] [report.php] No weekly loan found for emp_id=28, using daily value: 0
[13-Apr-2026 07:18:58 Asia/Manila] [report.php] No weekly loan found for emp_id=29, using daily value: 0
[13-Apr-2026 07:18:58 Asia/Manila] [report.php] No weekly loan found for emp_id=122, using daily value: 0
[13-Apr-2026 07:18:58 Asia/Manila] [report.php] No weekly loan found for emp_id=30, using daily value: 0
[13-Apr-2026 07:18:58 Asia/Manila] [report.php] No weekly loan found for emp_id=31, using daily value: 0
[13-Apr-2026 07:18:58 Asia/Manila] [report.php] No weekly loan found for emp_id=32, using daily value: 0
[13-Apr-2026 07:18:58 Asia/Manila] [report.php] No weekly loan found for emp_id=33, using daily value: 0
[13-Apr-2026 07:18:58 Asia/Manila] [report.php] No weekly loan found for emp_id=34, using daily value: 0
[13-Apr-2026 07:18:58 Asia/Manila] [report.php] No weekly loan found for emp_id=134, using daily value: 0
[13-Apr-2026 07:18:58 Asia/Manila] [report.php] No weekly loan found for emp_id=35, using daily value: 0
[13-Apr-2026 07:18:58 Asia/Manila] [report.php] No weekly loan found for emp_id=36, using daily value: 0
[13-Apr-2026 07:18:58 Asia/Manila] [report.php] No weekly loan found for emp_id=123, using daily value: 0
[13-Apr-2026 07:18:58 Asia/Manila] [report.php] No weekly loan found for emp_id=37, using daily value: 0
[13-Apr-2026 07:18:58 Asia/Manila] [report.php] No weekly loan found for emp_id=38, using daily value: 0
[13-Apr-2026 07:18:58 Asia/Manila] [report.php] No weekly loan found for emp_id=39, using daily value: 0
[13-Apr-2026 07:18:58 Asia/Manila] [report.php] No weekly loan found for emp_id=40, using daily value: 0
[13-Apr-2026 07:18:58 Asia/Manila] [report.php] No weekly loan found for emp_id=11, using daily value: 0
[13-Apr-2026 07:18:58 Asia/Manila] [report.php] No weekly loan found for emp_id=41, using daily value: 0
[13-Apr-2026 07:18:58 Asia/Manila] [report.php] No weekly loan found for emp_id=42, using daily value: 0
[13-Apr-2026 07:18:58 Asia/Manila] [report.php] No weekly loan found for emp_id=43, using daily value: 0
[13-Apr-2026 07:18:58 Asia/Manila] [report.php] No weekly loan found for emp_id=44, using daily value: 0
[13-Apr-2026 07:18:58 Asia/Manila] [report.php] No weekly loan found for emp_id=45, using daily value: 0
[13-Apr-2026 07:18:58 Asia/Manila] [report.php] No weekly loan found for emp_id=124, using daily value: 0
[13-Apr-2026 07:18:58 Asia/Manila] [report.php] No weekly loan found for emp_id=46, using daily value: 0
[13-Apr-2026 07:18:58 Asia/Manila] [report.php] No weekly loan found for emp_id=47, using daily value: 0
[13-Apr-2026 07:18:58 Asia/Manila] [report.php] No weekly loan found for emp_id=48, using daily value: 0
[13-Apr-2026 07:18:58 Asia/Manila] [report.php] No weekly loan found for emp_id=130, using daily value: 0
[13-Apr-2026 07:18:58 Asia/Manila] [report.php] No weekly loan found for emp_id=49, using daily value: 0
[13-Apr-2026 07:18:58 Asia/Manila] [report.php] No weekly loan found for emp_id=125, using daily value: 0
[13-Apr-2026 07:18:58 Asia/Manila] [report.php] No weekly loan found for emp_id=129, using daily value: 0
[13-Apr-2026 07:18:58 Asia/Manila] [report.php] No weekly loan found for emp_id=50, using daily value: 0
[13-Apr-2026 07:18:58 Asia/Manila] [report.php] No weekly loan found for emp_id=133, using daily value: 0
[13-Apr-2026 07:18:58 Asia/Manila] [report.php] No weekly loan found for emp_id=131, using daily value: 0
[13-Apr-2026 07:18:58 Asia/Manila] [report.php] No weekly loan found for emp_id=51, using daily value: 0
[13-Apr-2026 07:18:58 Asia/Manila] [report.php] No weekly loan found for emp_id=52, using daily value: 0
[13-Apr-2026 07:18:58 Asia/Manila] [report.php] No weekly loan found for emp_id=53, using daily value: 0
[13-Apr-2026 07:18:58 Asia/Manila] [report.php] No weekly loan found for emp_id=54, using daily value: 0
[13-Apr-2026 07:18:58 Asia/Manila] [report.php] No weekly loan found for emp_id=55, using daily value: 0
[13-Apr-2026 07:18:58 Asia/Manila] [report.php] No weekly loan found for emp_id=56, using daily value: 0
[13-Apr-2026 07:18:58 Asia/Manila] [report.php] No weekly loan found for emp_id=57, using daily value: 0
[13-Apr-2026 07:18:58 Asia/Manila] [report.php] No weekly loan found for emp_id=58, using daily value: 0
[13-Apr-2026 07:18:58 Asia/Manila] [report.php] No weekly loan found for emp_id=59, using daily value: 0
[13-Apr-2026 07:18:58 Asia/Manila] [report.php] No weekly loan found for emp_id=60, using daily value: 0
[13-Apr-2026 07:18:58 Asia/Manila] [report.php] No weekly loan found for emp_id=132, using daily value: 0
[13-Apr-2026 07:21:11 Asia/Manila] [report.php] File loaded - starting execution
[13-Apr-2026 07:21:11 Asia/Manila] [report.php] Received dates - start_date: 2026-04-13, end_date: 2026-04-17, view_type: range
[13-Apr-2026 07:21:11 Asia/Manila] [report.php] About to fetch payroll data
[13-Apr-2026 07:21:11 Asia/Manila] [report.php] Payroll query executed. Date range: 2026-04-13 to 2026-04-17. Rows fetched: 0
[13-Apr-2026 07:21:11 Asia/Manila] [report.php] Attendance query executed. Date range: 2026-04-13 to 2026-04-17. Rows fetched: 0
[13-Apr-2026 07:21:11 Asia/Manila] [report.php] Approved overtime query executed. Date range: 2026-04-13 to 2026-04-17. Approved OT rows: 0
[13-Apr-2026 07:21:11 Asia/Manila] [report.php] Approved overtime organized. Employees with approved OT: 0
[13-Apr-2026 07:21:11 Asia/Manila] [report.php] About to process daily_payroll_reports data
[13-Apr-2026 07:21:11 Asia/Manila] [report.php] About to process attendance data
[13-Apr-2026 07:21:11 Asia/Manila] [report.php] About to calculate payroll
[13-Apr-2026 07:21:11 Asia/Manila] [report.php] Payroll calculated, about to load allowances
[13-Apr-2026 07:21:11 Asia/Manila] [report.php] Loading allowances for year=2026, month=04, week=2, view=range
[13-Apr-2026 07:21:11 Asia/Manila] [report.php] Total employees with allowances: 0
[13-Apr-2026 07:21:11 Asia/Manila] [report.php] Employee IDs with allowances: 
[13-Apr-2026 07:21:11 Asia/Manila] [report.php] About to merge allowances into employee data. Employee count: 63
[13-Apr-2026 07:21:11 Asia/Manila] [report.php] Weekly loans loaded: Array
(
)

[13-Apr-2026 07:21:11 Asia/Manila] [report.php] No weekly loan found for emp_id=12, using daily value: 110
[13-Apr-2026 07:21:11 Asia/Manila] [report.php] No weekly loan found for emp_id=13, using daily value: 0
[13-Apr-2026 07:21:11 Asia/Manila] [report.php] No weekly loan found for emp_id=14, using daily value: 0
[13-Apr-2026 07:21:11 Asia/Manila] [report.php] No weekly loan found for emp_id=121, using daily value: 0
[13-Apr-2026 07:21:11 Asia/Manila] [report.php] No weekly loan found for emp_id=126, using daily value: 0
[13-Apr-2026 07:21:11 Asia/Manila] [report.php] No weekly loan found for emp_id=15, using daily value: 0
[13-Apr-2026 07:21:11 Asia/Manila] [report.php] No weekly loan found for emp_id=16, using daily value: 0
[13-Apr-2026 07:21:11 Asia/Manila] [report.php] No weekly loan found for emp_id=17, using daily value: 0
[13-Apr-2026 07:21:11 Asia/Manila] [report.php] No weekly loan found for emp_id=18, using daily value: 0
[13-Apr-2026 07:21:11 Asia/Manila] [report.php] No weekly loan found for emp_id=19, using daily value: 0
[13-Apr-2026 07:21:11 Asia/Manila] [report.php] No weekly loan found for emp_id=20, using daily value: 0
[13-Apr-2026 07:21:11 Asia/Manila] [report.php] No weekly loan found for emp_id=21, using daily value: 0
[13-Apr-2026 07:21:11 Asia/Manila] [report.php] No weekly loan found for emp_id=22, using daily value: 0
[13-Apr-2026 07:21:11 Asia/Manila] [report.php] No weekly loan found for emp_id=23, using daily value: 0
[13-Apr-2026 07:21:11 Asia/Manila] [report.php] No weekly loan found for emp_id=24, using daily value: 0
[13-Apr-2026 07:21:11 Asia/Manila] [report.php] No weekly loan found for emp_id=25, using daily value: 0
[13-Apr-2026 07:21:11 Asia/Manila] [report.php] No weekly loan found for emp_id=27, using daily value: 0
[13-Apr-2026 07:21:11 Asia/Manila] [report.php] No weekly loan found for emp_id=26, using daily value: 0
[13-Apr-2026 07:21:11 Asia/Manila] [report.php] No weekly loan found for emp_id=127, using daily value: 0
[13-Apr-2026 07:21:11 Asia/Manila] [report.php] No weekly loan found for emp_id=28, using daily value: 0
[13-Apr-2026 07:21:11 Asia/Manila] [report.php] No weekly loan found for emp_id=29, using daily value: 0
[13-Apr-2026 07:21:11 Asia/Manila] [report.php] No weekly loan found for emp_id=122, using daily value: 0
[13-Apr-2026 07:21:11 Asia/Manila] [report.php] No weekly loan found for emp_id=30, using daily value: 0
[13-Apr-2026 07:21:11 Asia/Manila] [report.php] No weekly loan found for emp_id=31, using daily value: 0
[13-Apr-2026 07:21:11 Asia/Manila] [report.php] No weekly loan found for emp_id=32, using daily value: 0
[13-Apr-2026 07:21:11 Asia/Manila] [report.php] No weekly loan found for emp_id=33, using daily value: 0
[13-Apr-2026 07:21:11 Asia/Manila] [report.php] No weekly loan found for emp_id=34, using daily value: 0
[13-Apr-2026 07:21:11 Asia/Manila] [report.php] No weekly loan found for emp_id=134, using daily value: 0
[13-Apr-2026 07:21:11 Asia/Manila] [report.php] No weekly loan found for emp_id=35, using daily value: 0
[13-Apr-2026 07:21:11 Asia/Manila] [report.php] No weekly loan found for emp_id=36, using daily value: 0
[13-Apr-2026 07:21:11 Asia/Manila] [report.php] No weekly loan found for emp_id=123, using daily value: 0
[13-Apr-2026 07:21:11 Asia/Manila] [report.php] No weekly loan found for emp_id=37, using daily value: 0
[13-Apr-2026 07:21:11 Asia/Manila] [report.php] No weekly loan found for emp_id=38, using daily value: 0
[13-Apr-2026 07:21:11 Asia/Manila] [report.php] No weekly loan found for emp_id=39, using daily value: 0
[13-Apr-2026 07:21:11 Asia/Manila] [report.php] No weekly loan found for emp_id=40, using daily value: 0
[13-Apr-2026 07:21:11 Asia/Manila] [report.php] No weekly loan found for emp_id=11, using daily value: 0
[13-Apr-2026 07:21:11 Asia/Manila] [report.php] No weekly loan found for emp_id=41, using daily value: 0
[13-Apr-2026 07:21:11 Asia/Manila] [report.php] No weekly loan found for emp_id=42, using daily value: 0
[13-Apr-2026 07:21:11 Asia/Manila] [report.php] No weekly loan found for emp_id=43, using daily value: 0
[13-Apr-2026 07:21:11 Asia/Manila] [report.php] No weekly loan found for emp_id=44, using daily value: 0
[13-Apr-2026 07:21:11 Asia/Manila] [report.php] No weekly loan found for emp_id=45, using daily value: 0
[13-Apr-2026 07:21:11 Asia/Manila] [report.php] No weekly loan found for emp_id=124, using daily value: 0
[13-Apr-2026 07:21:11 Asia/Manila] [report.php] No weekly loan found for emp_id=46, using daily value: 0
[13-Apr-2026 07:21:11 Asia/Manila] [report.php] No weekly loan found for emp_id=47, using daily value: 0
[13-Apr-2026 07:21:11 Asia/Manila] [report.php] No weekly loan found for emp_id=48, using daily value: 0
[13-Apr-2026 07:21:11 Asia/Manila] [report.php] No weekly loan found for emp_id=130, using daily value: 0
[13-Apr-2026 07:21:11 Asia/Manila] [report.php] No weekly loan found for emp_id=49, using daily value: 0
[13-Apr-2026 07:21:11 Asia/Manila] [report.php] No weekly loan found for emp_id=125, using daily value: 0
[13-Apr-2026 07:21:11 Asia/Manila] [report.php] No weekly loan found for emp_id=129, using daily value: 0
[13-Apr-2026 07:21:11 Asia/Manila] [report.php] No weekly loan found for emp_id=50, using daily value: 0
[13-Apr-2026 07:21:11 Asia/Manila] [report.php] No weekly loan found for emp_id=133, using daily value: 0
[13-Apr-2026 07:21:11 Asia/Manila] [report.php] No weekly loan found for emp_id=131, using daily value: 0
[13-Apr-2026 07:21:11 Asia/Manila] [report.php] No weekly loan found for emp_id=51, using daily value: 0
[13-Apr-2026 07:21:11 Asia/Manila] [report.php] No weekly loan found for emp_id=52, using daily value: 0
[13-Apr-2026 07:21:11 Asia/Manila] [report.php] No weekly loan found for emp_id=53, using daily value: 0
[13-Apr-2026 07:21:11 Asia/Manila] [report.php] No weekly loan found for emp_id=54, using daily value: 0
[13-Apr-2026 07:21:11 Asia/Manila] [report.php] No weekly loan found for emp_id=55, using daily value: 0
[13-Apr-2026 07:21:11 Asia/Manila] [report.php] No weekly loan found for emp_id=56, using daily value: 0
[13-Apr-2026 07:21:11 Asia/Manila] [report.php] No weekly loan found for emp_id=57, using daily value: 0
[13-Apr-2026 07:21:11 Asia/Manila] [report.php] No weekly loan found for emp_id=58, using daily value: 0
[13-Apr-2026 07:21:11 Asia/Manila] [report.php] No weekly loan found for emp_id=59, using daily value: 0
[13-Apr-2026 07:21:11 Asia/Manila] [report.php] No weekly loan found for emp_id=60, using daily value: 0
[13-Apr-2026 07:21:11 Asia/Manila] [report.php] No weekly loan found for emp_id=132, using daily value: 0
[12-Apr-2026 23:21:21 UTC] [update_allowance.php] ========== SCRIPT STARTED ==========
[13-Apr-2026 07:21:21 Asia/Manila] [update_allowance.php] Starting transaction for emp=13, year=2026, month=4, week=2, view=range
[13-Apr-2026 07:21:21 Asia/Manila] [update_allowance.php] About to update employees table
[13-Apr-2026 07:21:21 Asia/Manila] [update_allowance.php] performance_allowance column doesn't exist in employees table, skipping
[13-Apr-2026 07:21:21 Asia/Manila] [update_allowance.php] About to query weekly_payroll_reports
[13-Apr-2026 09:08:52 Asia/Manila] [report.php] File loaded - starting execution
[13-Apr-2026 09:08:52 Asia/Manila] [report.php] Received dates - start_date: 2026-04-13, end_date: 2026-04-17, view_type: range
[13-Apr-2026 09:08:52 Asia/Manila] [report.php] About to fetch payroll data
[13-Apr-2026 09:08:52 Asia/Manila] [report.php] Payroll query executed. Date range: 2026-04-13 to 2026-04-17. Rows fetched: 0
[13-Apr-2026 09:08:52 Asia/Manila] [report.php] Attendance query executed. Date range: 2026-04-13 to 2026-04-17. Rows fetched: 0
[13-Apr-2026 09:08:52 Asia/Manila] [report.php] Approved overtime query executed. Date range: 2026-04-13 to 2026-04-17. Approved OT rows: 0
[13-Apr-2026 09:08:52 Asia/Manila] [report.php] Approved overtime organized. Employees with approved OT: 0
[13-Apr-2026 09:08:52 Asia/Manila] [report.php] About to process daily_payroll_reports data
[13-Apr-2026 09:08:52 Asia/Manila] [report.php] About to process attendance data
[13-Apr-2026 09:08:52 Asia/Manila] [report.php] About to calculate payroll
[13-Apr-2026 09:08:52 Asia/Manila] [report.php] Payroll calculated, about to load allowances
[13-Apr-2026 09:08:52 Asia/Manila] [report.php] Loading allowances for year=2026, month=04, week=2, view=range
[13-Apr-2026 09:08:52 Asia/Manila] [report.php] Found in DB: emp_id=13, allowance=10.00, loan=10.00
[13-Apr-2026 09:08:52 Asia/Manila] [report.php] Total employees with allowances: 1
[13-Apr-2026 09:08:52 Asia/Manila] [report.php] Employee IDs with allowances: 13
[13-Apr-2026 09:08:52 Asia/Manila] [report.php] About to merge allowances into employee data. Employee count: 63
[13-Apr-2026 09:08:52 Asia/Manila] [report.php] Weekly loans loaded: Array
(
    [13] => 10
)

[13-Apr-2026 09:08:52 Asia/Manila] [report.php] No weekly loan found for emp_id=12, using daily value: 110
[13-Apr-2026 09:08:52 Asia/Manila] [report.php] Merged loan for emp_id=13: 10
[13-Apr-2026 09:08:52 Asia/Manila] [report.php] No weekly loan found for emp_id=14, using daily value: 0
[13-Apr-2026 09:08:52 Asia/Manila] [report.php] No weekly loan found for emp_id=121, using daily value: 0
[13-Apr-2026 09:08:52 Asia/Manila] [report.php] No weekly loan found for emp_id=126, using daily value: 0
[13-Apr-2026 09:08:52 Asia/Manila] [report.php] No weekly loan found for emp_id=15, using daily value: 0
[13-Apr-2026 09:08:52 Asia/Manila] [report.php] No weekly loan found for emp_id=16, using daily value: 0
[13-Apr-2026 09:08:52 Asia/Manila] [report.php] No weekly loan found for emp_id=17, using daily value: 0
[13-Apr-2026 09:08:52 Asia/Manila] [report.php] No weekly loan found for emp_id=18, using daily value: 0
[13-Apr-2026 09:08:52 Asia/Manila] [report.php] No weekly loan found for emp_id=19, using daily value: 0
[13-Apr-2026 09:08:52 Asia/Manila] [report.php] No weekly loan found for emp_id=20, using daily value: 0
[13-Apr-2026 09:08:52 Asia/Manila] [report.php] No weekly loan found for emp_id=21, using daily value: 0
[13-Apr-2026 09:08:52 Asia/Manila] [report.php] No weekly loan found for emp_id=22, using daily value: 0
[13-Apr-2026 09:08:52 Asia/Manila] [report.php] No weekly loan found for emp_id=23, using daily value: 0
[13-Apr-2026 09:08:52 Asia/Manila] [report.php] No weekly loan found for emp_id=24, using daily value: 0
[13-Apr-2026 09:08:52 Asia/Manila] [report.php] No weekly loan found for emp_id=25, using daily value: 0
[13-Apr-2026 09:08:52 Asia/Manila] [report.php] No weekly loan found for emp_id=27, using daily value: 0
[13-Apr-2026 09:08:52 Asia/Manila] [report.php] No weekly loan found for emp_id=26, using daily value: 0
[13-Apr-2026 09:08:52 Asia/Manila] [report.php] No weekly loan found for emp_id=127, using daily value: 0
[13-Apr-2026 09:08:52 Asia/Manila] [report.php] No weekly loan found for emp_id=28, using daily value: 0
[13-Apr-2026 09:08:52 Asia/Manila] [report.php] No weekly loan found for emp_id=29, using daily value: 0
[13-Apr-2026 09:08:52 Asia/Manila] [report.php] No weekly loan found for emp_id=122, using daily value: 0
[13-Apr-2026 09:08:52 Asia/Manila] [report.php] No weekly loan found for emp_id=30, using daily value: 0
[13-Apr-2026 09:08:52 Asia/Manila] [report.php] No weekly loan found for emp_id=31, using daily value: 0
[13-Apr-2026 09:08:52 Asia/Manila] [report.php] No weekly loan found for emp_id=32, using daily value: 0
[13-Apr-2026 09:08:52 Asia/Manila] [report.php] No weekly loan found for emp_id=33, using daily value: 0
[13-Apr-2026 09:08:52 Asia/Manila] [report.php] No weekly loan found for emp_id=34, using daily value: 0
[13-Apr-2026 09:08:52 Asia/Manila] [report.php] No weekly loan found for emp_id=134, using daily value: 0
[13-Apr-2026 09:08:52 Asia/Manila] [report.php] No weekly loan found for emp_id=35, using daily value: 0
[13-Apr-2026 09:08:52 Asia/Manila] [report.php] No weekly loan found for emp_id=36, using daily value: 0
[13-Apr-2026 09:08:52 Asia/Manila] [report.php] No weekly loan found for emp_id=123, using daily value: 0
[13-Apr-2026 09:08:52 Asia/Manila] [report.php] No weekly loan found for emp_id=37, using daily value: 0
[13-Apr-2026 09:08:52 Asia/Manila] [report.php] No weekly loan found for emp_id=38, using daily value: 0
[13-Apr-2026 09:08:52 Asia/Manila] [report.php] No weekly loan found for emp_id=39, using daily value: 0
[13-Apr-2026 09:08:52 Asia/Manila] [report.php] No weekly loan found for emp_id=40, using daily value: 0
[13-Apr-2026 09:08:52 Asia/Manila] [report.php] No weekly loan found for emp_id=11, using daily value: 0
[13-Apr-2026 09:08:52 Asia/Manila] [report.php] No weekly loan found for emp_id=41, using daily value: 0
[13-Apr-2026 09:08:52 Asia/Manila] [report.php] No weekly loan found for emp_id=42, using daily value: 0
[13-Apr-2026 09:08:52 Asia/Manila] [report.php] No weekly loan found for emp_id=43, using daily value: 0
[13-Apr-2026 09:08:52 Asia/Manila] [report.php] No weekly loan found for emp_id=44, using daily value: 0
[13-Apr-2026 09:08:52 Asia/Manila] [report.php] No weekly loan found for emp_id=45, using daily value: 0
[13-Apr-2026 09:08:52 Asia/Manila] [report.php] No weekly loan found for emp_id=124, using daily value: 0
[13-Apr-2026 09:08:52 Asia/Manila] [report.php] No weekly loan found for emp_id=46, using daily value: 0
[13-Apr-2026 09:08:52 Asia/Manila] [report.php] No weekly loan found for emp_id=47, using daily value: 0
[13-Apr-2026 09:08:52 Asia/Manila] [report.php] No weekly loan found for emp_id=48, using daily value: 0
[13-Apr-2026 09:08:52 Asia/Manila] [report.php] No weekly loan found for emp_id=130, using daily value: 0
[13-Apr-2026 09:08:52 Asia/Manila] [report.php] No weekly loan found for emp_id=49, using daily value: 0
[13-Apr-2026 09:08:52 Asia/Manila] [report.php] No weekly loan found for emp_id=125, using daily value: 0
[13-Apr-2026 09:08:52 Asia/Manila] [report.php] No weekly loan found for emp_id=129, using daily value: 0
[13-Apr-2026 09:08:52 Asia/Manila] [report.php] No weekly loan found for emp_id=50, using daily value: 0
[13-Apr-2026 09:08:52 Asia/Manila] [report.php] No weekly loan found for emp_id=133, using daily value: 0
[13-Apr-2026 09:08:52 Asia/Manila] [report.php] No weekly loan found for emp_id=131, using daily value: 0
[13-Apr-2026 09:08:52 Asia/Manila] [report.php] No weekly loan found for emp_id=51, using daily value: 0
[13-Apr-2026 09:08:52 Asia/Manila] [report.php] No weekly loan found for emp_id=52, using daily value: 0
[13-Apr-2026 09:08:52 Asia/Manila] [report.php] No weekly loan found for emp_id=53, using daily value: 0
[13-Apr-2026 09:08:52 Asia/Manila] [report.php] No weekly loan found for emp_id=54, using daily value: 0
[13-Apr-2026 09:08:52 Asia/Manila] [report.php] No weekly loan found for emp_id=55, using daily value: 0
[13-Apr-2026 09:08:52 Asia/Manila] [report.php] No weekly loan found for emp_id=56, using daily value: 0
[13-Apr-2026 09:08:52 Asia/Manila] [report.php] No weekly loan found for emp_id=57, using daily value: 0
[13-Apr-2026 09:08:52 Asia/Manila] [report.php] No weekly loan found for emp_id=58, using daily value: 0
[13-Apr-2026 09:08:52 Asia/Manila] [report.php] No weekly loan found for emp_id=59, using daily value: 0
[13-Apr-2026 09:08:52 Asia/Manila] [report.php] No weekly loan found for emp_id=60, using daily value: 0
[13-Apr-2026 09:08:52 Asia/Manila] [report.php] No weekly loan found for emp_id=132, using daily value: 0
[13-Apr-2026 09:09:21 Asia/Manila] [report.php] File loaded - starting execution
[13-Apr-2026 09:09:21 Asia/Manila] [report.php] Received dates - start_date: , end_date: , view_type: range
[13-Apr-2026 09:09:21 Asia/Manila] [report.php] About to fetch payroll data
[13-Apr-2026 09:09:21 Asia/Manila] [report.php] Payroll query executed. Date range: 2026-04-01 to 2026-04-30. Rows fetched: 17
[13-Apr-2026 09:09:21 Asia/Manila] [report.php] Attendance query executed. Date range: 2026-04-01 to 2026-04-30. Rows fetched: 45
[13-Apr-2026 09:09:21 Asia/Manila] [report.php] Approved overtime query executed. Date range: 2026-04-01 to 2026-04-30. Approved OT rows: 6
[13-Apr-2026 09:09:21 Asia/Manila] [report.php] Approved overtime organized. Employees with approved OT: 4
[13-Apr-2026 09:09:21 Asia/Manila] [report.php] About to process daily_payroll_reports data
[13-Apr-2026 09:09:21 Asia/Manila] [report.php] About to process attendance data
[13-Apr-2026 09:09:21 Asia/Manila] [report.php] Applied approved OT for emp_id=24: 3 hours
[13-Apr-2026 09:09:21 Asia/Manila] [report.php] Applied approved OT for emp_id=37: 2 hours
[13-Apr-2026 09:09:21 Asia/Manila] [report.php] About to calculate payroll
[13-Apr-2026 09:09:21 Asia/Manila] [report.php] Payroll calculated, about to load allowances
[13-Apr-2026 09:09:21 Asia/Manila] [report.php] Loading allowances for year=2026, month=04, week=2, view=range
[13-Apr-2026 09:09:21 Asia/Manila] [report.php] Found in DB: emp_id=13, allowance=10.00, loan=10.00
[13-Apr-2026 09:09:21 Asia/Manila] [report.php] Total employees with allowances: 1
[13-Apr-2026 09:09:21 Asia/Manila] [report.php] Employee IDs with allowances: 13
[13-Apr-2026 09:09:21 Asia/Manila] [report.php] About to merge allowances into employee data. Employee count: 63
[13-Apr-2026 09:09:21 Asia/Manila] [report.php] Weekly loans loaded: Array
(
    [13] => 10
)

[13-Apr-2026 09:09:21 Asia/Manila] [report.php] No weekly loan found for emp_id=12, using daily value: 0
[13-Apr-2026 09:09:21 Asia/Manila] [report.php] Merged loan for emp_id=13: 10
[13-Apr-2026 09:09:21 Asia/Manila] [report.php] No weekly loan found for emp_id=14, using daily value: 0
[13-Apr-2026 09:09:21 Asia/Manila] [report.php] No weekly loan found for emp_id=121, using daily value: 0
[13-Apr-2026 09:09:21 Asia/Manila] [report.php] No weekly loan found for emp_id=126, using daily value: 0
[13-Apr-2026 09:09:21 Asia/Manila] [report.php] No weekly loan found for emp_id=15, using daily value: 0
[13-Apr-2026 09:09:21 Asia/Manila] [report.php] No weekly loan found for emp_id=16, using daily value: 0
[13-Apr-2026 09:09:21 Asia/Manila] [report.php] No weekly loan found for emp_id=17, using daily value: 0
[13-Apr-2026 09:09:21 Asia/Manila] [report.php] No weekly loan found for emp_id=18, using daily value: 0
[13-Apr-2026 09:09:21 Asia/Manila] [report.php] No weekly loan found for emp_id=19, using daily value: 0
[13-Apr-2026 09:09:21 Asia/Manila] [report.php] No weekly loan found for emp_id=20, using daily value: 0
[13-Apr-2026 09:09:21 Asia/Manila] [report.php] No weekly loan found for emp_id=21, using daily value: 0
[13-Apr-2026 09:09:21 Asia/Manila] [report.php] No weekly loan found for emp_id=22, using daily value: 0
[13-Apr-2026 09:09:21 Asia/Manila] [report.php] No weekly loan found for emp_id=23, using daily value: 0
[13-Apr-2026 09:09:21 Asia/Manila] [report.php] No weekly loan found for emp_id=24, using daily value: 0
[13-Apr-2026 09:09:21 Asia/Manila] [report.php] No weekly loan found for emp_id=25, using daily value: 0
[13-Apr-2026 09:09:21 Asia/Manila] [report.php] No weekly loan found for emp_id=27, using daily value: 0
[13-Apr-2026 09:09:21 Asia/Manila] [report.php] No weekly loan found for emp_id=26, using daily value: 0
[13-Apr-2026 09:09:21 Asia/Manila] [report.php] No weekly loan found for emp_id=127, using daily value: 0
[13-Apr-2026 09:09:21 Asia/Manila] [report.php] No weekly loan found for emp_id=28, using daily value: 0
[13-Apr-2026 09:09:21 Asia/Manila] [report.php] No weekly loan found for emp_id=29, using daily value: 0
[13-Apr-2026 09:09:21 Asia/Manila] [report.php] No weekly loan found for emp_id=122, using daily value: 0
[13-Apr-2026 09:09:21 Asia/Manila] [report.php] No weekly loan found for emp_id=30, using daily value: 0
[13-Apr-2026 09:09:21 Asia/Manila] [report.php] No weekly loan found for emp_id=31, using daily value: 0
[13-Apr-2026 09:09:21 Asia/Manila] [report.php] No weekly loan found for emp_id=32, using daily value: 0
[13-Apr-2026 09:09:21 Asia/Manila] [report.php] No weekly loan found for emp_id=33, using daily value: 0
[13-Apr-2026 09:09:21 Asia/Manila] [report.php] No weekly loan found for emp_id=34, using daily value: 0
[13-Apr-2026 09:09:21 Asia/Manila] [report.php] No weekly loan found for emp_id=134, using daily value: 0
[13-Apr-2026 09:09:21 Asia/Manila] [report.php] No weekly loan found for emp_id=35, using daily value: 0
[13-Apr-2026 09:09:21 Asia/Manila] [report.php] No weekly loan found for emp_id=36, using daily value: 0
[13-Apr-2026 09:09:21 Asia/Manila] [report.php] No weekly loan found for emp_id=123, using daily value: 0
[13-Apr-2026 09:09:21 Asia/Manila] [report.php] No weekly loan found for emp_id=37, using daily value: 0
[13-Apr-2026 09:09:21 Asia/Manila] [report.php] No weekly loan found for emp_id=38, using daily value: 0
[13-Apr-2026 09:09:21 Asia/Manila] [report.php] No weekly loan found for emp_id=39, using daily value: 0
[13-Apr-2026 09:09:21 Asia/Manila] [report.php] No weekly loan found for emp_id=40, using daily value: 0
[13-Apr-2026 09:09:21 Asia/Manila] [report.php] No weekly loan found for emp_id=11, using daily value: 0
[13-Apr-2026 09:09:21 Asia/Manila] [report.php] No weekly loan found for emp_id=41, using daily value: 0
[13-Apr-2026 09:09:21 Asia/Manila] [report.php] No weekly loan found for emp_id=42, using daily value: 0
[13-Apr-2026 09:09:21 Asia/Manila] [report.php] No weekly loan found for emp_id=43, using daily value: 0
[13-Apr-2026 09:09:21 Asia/Manila] [report.php] No weekly loan found for emp_id=44, using daily value: 0
[13-Apr-2026 09:09:21 Asia/Manila] [report.php] No weekly loan found for emp_id=45, using daily value: 0
[13-Apr-2026 09:09:21 Asia/Manila] [report.php] No weekly loan found for emp_id=124, using daily value: 0
[13-Apr-2026 09:09:21 Asia/Manila] [report.php] No weekly loan found for emp_id=46, using daily value: 0
[13-Apr-2026 09:09:21 Asia/Manila] [report.php] No weekly loan found for emp_id=47, using daily value: 0
[13-Apr-2026 09:09:21 Asia/Manila] [report.php] No weekly loan found for emp_id=48, using daily value: 0
[13-Apr-2026 09:09:21 Asia/Manila] [report.php] No weekly loan found for emp_id=130, using daily value: 0
[13-Apr-2026 09:09:21 Asia/Manila] [report.php] No weekly loan found for emp_id=49, using daily value: 0
[13-Apr-2026 09:09:21 Asia/Manila] [report.php] No weekly loan found for emp_id=125, using daily value: 0
[13-Apr-2026 09:09:21 Asia/Manila] [report.php] No weekly loan found for emp_id=129, using daily value: 0
[13-Apr-2026 09:09:21 Asia/Manila] [report.php] No weekly loan found for emp_id=50, using daily value: 0
[13-Apr-2026 09:09:21 Asia/Manila] [report.php] No weekly loan found for emp_id=133, using daily value: 0
[13-Apr-2026 09:09:21 Asia/Manila] [report.php] No weekly loan found for emp_id=131, using daily value: 0
[13-Apr-2026 09:09:21 Asia/Manila] [report.php] No weekly loan found for emp_id=51, using daily value: 0
[13-Apr-2026 09:09:21 Asia/Manila] [report.php] No weekly loan found for emp_id=52, using daily value: 0
[13-Apr-2026 09:09:21 Asia/Manila] [report.php] No weekly loan found for emp_id=53, using daily value: 0
[13-Apr-2026 09:09:21 Asia/Manila] [report.php] No weekly loan found for emp_id=54, using daily value: 0
[13-Apr-2026 09:09:21 Asia/Manila] [report.php] No weekly loan found for emp_id=55, using daily value: 0
[13-Apr-2026 09:09:21 Asia/Manila] [report.php] No weekly loan found for emp_id=56, using daily value: 0
[13-Apr-2026 09:09:21 Asia/Manila] [report.php] No weekly loan found for emp_id=57, using daily value: 0
[13-Apr-2026 09:09:21 Asia/Manila] [report.php] No weekly loan found for emp_id=58, using daily value: 0
[13-Apr-2026 09:09:21 Asia/Manila] [report.php] No weekly loan found for emp_id=59, using daily value: 0
[13-Apr-2026 09:09:21 Asia/Manila] [report.php] No weekly loan found for emp_id=60, using daily value: 0
[13-Apr-2026 09:09:21 Asia/Manila] [report.php] No weekly loan found for emp_id=132, using daily value: 0
[13-Apr-2026 09:10:51 Asia/Manila] [report.php] File loaded - starting execution
[13-Apr-2026 09:10:51 Asia/Manila] [report.php] Received dates - start_date: , end_date: , view_type: range
[13-Apr-2026 09:10:51 Asia/Manila] [report.php] About to fetch payroll data
[13-Apr-2026 09:10:51 Asia/Manila] [report.php] Payroll query executed. Date range: 2026-04-01 to 2026-04-30. Rows fetched: 17
[13-Apr-2026 09:10:51 Asia/Manila] [report.php] Attendance query executed. Date range: 2026-04-01 to 2026-04-30. Rows fetched: 45
[13-Apr-2026 09:10:51 Asia/Manila] [report.php] Approved overtime query executed. Date range: 2026-04-01 to 2026-04-30. Approved OT rows: 6
[13-Apr-2026 09:10:51 Asia/Manila] [report.php] Approved overtime organized. Employees with approved OT: 4
[13-Apr-2026 09:10:51 Asia/Manila] [report.php] About to process daily_payroll_reports data
[13-Apr-2026 09:10:51 Asia/Manila] [report.php] About to process attendance data
[13-Apr-2026 09:10:51 Asia/Manila] [report.php] Applied approved OT for emp_id=24: 3 hours
[13-Apr-2026 09:10:51 Asia/Manila] [report.php] Applied approved OT for emp_id=37: 2 hours
[13-Apr-2026 09:10:51 Asia/Manila] [report.php] About to calculate payroll
[13-Apr-2026 09:10:51 Asia/Manila] [report.php] Payroll calculated, about to load allowances
[13-Apr-2026 09:10:51 Asia/Manila] [report.php] Loading allowances for year=2026, month=04, week=2, view=range
[13-Apr-2026 09:10:51 Asia/Manila] [report.php] Found in DB: emp_id=13, allowance=10.00, loan=10.00
[13-Apr-2026 09:10:51 Asia/Manila] [report.php] Total employees with allowances: 1
[13-Apr-2026 09:10:51 Asia/Manila] [report.php] Employee IDs with allowances: 13
[13-Apr-2026 09:10:51 Asia/Manila] [report.php] About to merge allowances into employee data. Employee count: 63
[13-Apr-2026 09:10:51 Asia/Manila] [report.php] Weekly loans loaded: Array
(
    [13] => 10
)

[13-Apr-2026 09:10:51 Asia/Manila] [report.php] No weekly loan found for emp_id=12, using daily value: 0
[13-Apr-2026 09:10:51 Asia/Manila] [report.php] Merged loan for emp_id=13: 10
[13-Apr-2026 09:10:51 Asia/Manila] [report.php] No weekly loan found for emp_id=14, using daily value: 0
[13-Apr-2026 09:10:51 Asia/Manila] [report.php] No weekly loan found for emp_id=121, using daily value: 0
[13-Apr-2026 09:10:51 Asia/Manila] [report.php] No weekly loan found for emp_id=126, using daily value: 0
[13-Apr-2026 09:10:51 Asia/Manila] [report.php] No weekly loan found for emp_id=15, using daily value: 0
[13-Apr-2026 09:10:51 Asia/Manila] [report.php] No weekly loan found for emp_id=16, using daily value: 0
[13-Apr-2026 09:10:51 Asia/Manila] [report.php] No weekly loan found for emp_id=17, using daily value: 0
[13-Apr-2026 09:10:51 Asia/Manila] [report.php] No weekly loan found for emp_id=18, using daily value: 0
[13-Apr-2026 09:10:51 Asia/Manila] [report.php] No weekly loan found for emp_id=19, using daily value: 0
[13-Apr-2026 09:10:51 Asia/Manila] [report.php] No weekly loan found for emp_id=20, using daily value: 0
[13-Apr-2026 09:10:51 Asia/Manila] [report.php] No weekly loan found for emp_id=21, using daily value: 0
[13-Apr-2026 09:10:51 Asia/Manila] [report.php] No weekly loan found for emp_id=22, using daily value: 0
[13-Apr-2026 09:10:51 Asia/Manila] [report.php] No weekly loan found for emp_id=23, using daily value: 0
[13-Apr-2026 09:10:51 Asia/Manila] [report.php] No weekly loan found for emp_id=24, using daily value: 0
[13-Apr-2026 09:10:51 Asia/Manila] [report.php] No weekly loan found for emp_id=25, using daily value: 0
[13-Apr-2026 09:10:51 Asia/Manila] [report.php] No weekly loan found for emp_id=27, using daily value: 0
[13-Apr-2026 09:10:51 Asia/Manila] [report.php] No weekly loan found for emp_id=26, using daily value: 0
[13-Apr-2026 09:10:51 Asia/Manila] [report.php] No weekly loan found for emp_id=127, using daily value: 0
[13-Apr-2026 09:10:51 Asia/Manila] [report.php] No weekly loan found for emp_id=28, using daily value: 0
[13-Apr-2026 09:10:51 Asia/Manila] [report.php] No weekly loan found for emp_id=29, using daily value: 0
[13-Apr-2026 09:10:51 Asia/Manila] [report.php] No weekly loan found for emp_id=122, using daily value: 0
[13-Apr-2026 09:10:51 Asia/Manila] [report.php] No weekly loan found for emp_id=30, using daily value: 0
[13-Apr-2026 09:10:51 Asia/Manila] [report.php] No weekly loan found for emp_id=31, using daily value: 0
[13-Apr-2026 09:10:51 Asia/Manila] [report.php] No weekly loan found for emp_id=32, using daily value: 0
[13-Apr-2026 09:10:51 Asia/Manila] [report.php] No weekly loan found for emp_id=33, using daily value: 0
[13-Apr-2026 09:10:51 Asia/Manila] [report.php] No weekly loan found for emp_id=34, using daily value: 0
[13-Apr-2026 09:10:51 Asia/Manila] [report.php] No weekly loan found for emp_id=134, using daily value: 0
[13-Apr-2026 09:10:51 Asia/Manila] [report.php] No weekly loan found for emp_id=35, using daily value: 0
[13-Apr-2026 09:10:51 Asia/Manila] [report.php] No weekly loan found for emp_id=36, using daily value: 0
[13-Apr-2026 09:10:51 Asia/Manila] [report.php] No weekly loan found for emp_id=123, using daily value: 0
[13-Apr-2026 09:10:51 Asia/Manila] [report.php] No weekly loan found for emp_id=37, using daily value: 0
[13-Apr-2026 09:10:51 Asia/Manila] [report.php] No weekly loan found for emp_id=38, using daily value: 0
[13-Apr-2026 09:10:51 Asia/Manila] [report.php] No weekly loan found for emp_id=39, using daily value: 0
[13-Apr-2026 09:10:51 Asia/Manila] [report.php] No weekly loan found for emp_id=40, using daily value: 0
[13-Apr-2026 09:10:51 Asia/Manila] [report.php] No weekly loan found for emp_id=11, using daily value: 0
[13-Apr-2026 09:10:51 Asia/Manila] [report.php] No weekly loan found for emp_id=41, using daily value: 0
[13-Apr-2026 09:10:51 Asia/Manila] [report.php] No weekly loan found for emp_id=42, using daily value: 0
[13-Apr-2026 09:10:51 Asia/Manila] [report.php] No weekly loan found for emp_id=43, using daily value: 0
[13-Apr-2026 09:10:51 Asia/Manila] [report.php] No weekly loan found for emp_id=44, using daily value: 0
[13-Apr-2026 09:10:51 Asia/Manila] [report.php] No weekly loan found for emp_id=45, using daily value: 0
[13-Apr-2026 09:10:51 Asia/Manila] [report.php] No weekly loan found for emp_id=124, using daily value: 0
[13-Apr-2026 09:10:51 Asia/Manila] [report.php] No weekly loan found for emp_id=46, using daily value: 0
[13-Apr-2026 09:10:51 Asia/Manila] [report.php] No weekly loan found for emp_id=47, using daily value: 0
[13-Apr-2026 09:10:51 Asia/Manila] [report.php] No weekly loan found for emp_id=48, using daily value: 0
[13-Apr-2026 09:10:51 Asia/Manila] [report.php] No weekly loan found for emp_id=130, using daily value: 0
[13-Apr-2026 09:10:51 Asia/Manila] [report.php] No weekly loan found for emp_id=49, using daily value: 0
[13-Apr-2026 09:10:51 Asia/Manila] [report.php] No weekly loan found for emp_id=125, using daily value: 0
[13-Apr-2026 09:10:51 Asia/Manila] [report.php] No weekly loan found for emp_id=129, using daily value: 0
[13-Apr-2026 09:10:51 Asia/Manila] [report.php] No weekly loan found for emp_id=50, using daily value: 0
[13-Apr-2026 09:10:51 Asia/Manila] [report.php] No weekly loan found for emp_id=133, using daily value: 0
[13-Apr-2026 09:10:51 Asia/Manila] [report.php] No weekly loan found for emp_id=131, using daily value: 0
[13-Apr-2026 09:10:51 Asia/Manila] [report.php] No weekly loan found for emp_id=51, using daily value: 0
[13-Apr-2026 09:10:51 Asia/Manila] [report.php] No weekly loan found for emp_id=52, using daily value: 0
[13-Apr-2026 09:10:51 Asia/Manila] [report.php] No weekly loan found for emp_id=53, using daily value: 0
[13-Apr-2026 09:10:51 Asia/Manila] [report.php] No weekly loan found for emp_id=54, using daily value: 0
[13-Apr-2026 09:10:51 Asia/Manila] [report.php] No weekly loan found for emp_id=55, using daily value: 0
[13-Apr-2026 09:10:51 Asia/Manila] [report.php] No weekly loan found for emp_id=56, using daily value: 0
[13-Apr-2026 09:10:51 Asia/Manila] [report.php] No weekly loan found for emp_id=57, using daily value: 0
[13-Apr-2026 09:10:51 Asia/Manila] [report.php] No weekly loan found for emp_id=58, using daily value: 0
[13-Apr-2026 09:10:51 Asia/Manila] [report.php] No weekly loan found for emp_id=59, using daily value: 0
[13-Apr-2026 09:10:51 Asia/Manila] [report.php] No weekly loan found for emp_id=60, using daily value: 0
[13-Apr-2026 09:10:51 Asia/Manila] [report.php] No weekly loan found for emp_id=132, using daily value: 0
[13-Apr-2026 09:10:55 Asia/Manila] [report.php] File loaded - starting execution
[13-Apr-2026 09:10:55 Asia/Manila] [report.php] Received dates - start_date: 2026-04-13, end_date: 2026-04-13, view_type: range
[13-Apr-2026 09:10:55 Asia/Manila] [report.php] About to fetch payroll data
[13-Apr-2026 09:10:55 Asia/Manila] [report.php] Payroll query executed. Date range: 2026-04-13 to 2026-04-13. Rows fetched: 0
[13-Apr-2026 09:10:55 Asia/Manila] [report.php] Attendance query executed. Date range: 2026-04-13 to 2026-04-13. Rows fetched: 4
[13-Apr-2026 09:10:55 Asia/Manila] [report.php] Approved overtime query executed. Date range: 2026-04-13 to 2026-04-13. Approved OT rows: 0
[13-Apr-2026 09:10:55 Asia/Manila] [report.php] Approved overtime organized. Employees with approved OT: 0
[13-Apr-2026 09:10:55 Asia/Manila] [report.php] About to process daily_payroll_reports data
[13-Apr-2026 09:10:55 Asia/Manila] [report.php] About to process attendance data
[13-Apr-2026 09:10:55 Asia/Manila] [report.php] About to calculate payroll
[13-Apr-2026 09:10:55 Asia/Manila] [report.php] Payroll calculated, about to load allowances
[13-Apr-2026 09:10:55 Asia/Manila] [report.php] Loading allowances for year=2026, month=04, week=2, view=range
[13-Apr-2026 09:10:55 Asia/Manila] [report.php] Found in DB: emp_id=13, allowance=10.00, loan=10.00
[13-Apr-2026 09:10:55 Asia/Manila] [report.php] Total employees with allowances: 1
[13-Apr-2026 09:10:55 Asia/Manila] [report.php] Employee IDs with allowances: 13
[13-Apr-2026 09:10:55 Asia/Manila] [report.php] About to merge allowances into employee data. Employee count: 63
[13-Apr-2026 09:10:55 Asia/Manila] [report.php] Weekly loans loaded: Array
(
    [13] => 10
)

[13-Apr-2026 09:10:55 Asia/Manila] [report.php] No weekly loan found for emp_id=12, using daily value: 110
[13-Apr-2026 09:10:55 Asia/Manila] [report.php] Merged loan for emp_id=13: 10
[13-Apr-2026 09:10:55 Asia/Manila] [report.php] No weekly loan found for emp_id=14, using daily value: 0
[13-Apr-2026 09:10:55 Asia/Manila] [report.php] No weekly loan found for emp_id=121, using daily value: 0
[13-Apr-2026 09:10:55 Asia/Manila] [report.php] No weekly loan found for emp_id=126, using daily value: 0
[13-Apr-2026 09:10:55 Asia/Manila] [report.php] No weekly loan found for emp_id=15, using daily value: 0
[13-Apr-2026 09:10:55 Asia/Manila] [report.php] No weekly loan found for emp_id=16, using daily value: 0
[13-Apr-2026 09:10:55 Asia/Manila] [report.php] No weekly loan found for emp_id=17, using daily value: 0
[13-Apr-2026 09:10:55 Asia/Manila] [report.php] No weekly loan found for emp_id=18, using daily value: 0
[13-Apr-2026 09:10:55 Asia/Manila] [report.php] No weekly loan found for emp_id=19, using daily value: 0
[13-Apr-2026 09:10:55 Asia/Manila] [report.php] No weekly loan found for emp_id=20, using daily value: 0
[13-Apr-2026 09:10:55 Asia/Manila] [report.php] No weekly loan found for emp_id=21, using daily value: 0
[13-Apr-2026 09:10:55 Asia/Manila] [report.php] No weekly loan found for emp_id=22, using daily value: 0
[13-Apr-2026 09:10:55 Asia/Manila] [report.php] No weekly loan found for emp_id=23, using daily value: 0
[13-Apr-2026 09:10:55 Asia/Manila] [report.php] No weekly loan found for emp_id=24, using daily value: 0
[13-Apr-2026 09:10:55 Asia/Manila] [report.php] No weekly loan found for emp_id=25, using daily value: 0
[13-Apr-2026 09:10:55 Asia/Manila] [report.php] No weekly loan found for emp_id=27, using daily value: 0
[13-Apr-2026 09:10:55 Asia/Manila] [report.php] No weekly loan found for emp_id=26, using daily value: 0
[13-Apr-2026 09:10:55 Asia/Manila] [report.php] No weekly loan found for emp_id=127, using daily value: 0
[13-Apr-2026 09:10:55 Asia/Manila] [report.php] No weekly loan found for emp_id=28, using daily value: 0
[13-Apr-2026 09:10:55 Asia/Manila] [report.php] No weekly loan found for emp_id=29, using daily value: 0
[13-Apr-2026 09:10:55 Asia/Manila] [report.php] No weekly loan found for emp_id=122, using daily value: 0
[13-Apr-2026 09:10:55 Asia/Manila] [report.php] No weekly loan found for emp_id=30, using daily value: 0
[13-Apr-2026 09:10:55 Asia/Manila] [report.php] No weekly loan found for emp_id=31, using daily value: 0
[13-Apr-2026 09:10:55 Asia/Manila] [report.php] No weekly loan found for emp_id=32, using daily value: 0
[13-Apr-2026 09:10:55 Asia/Manila] [report.php] No weekly loan found for emp_id=33, using daily value: 0
[13-Apr-2026 09:10:55 Asia/Manila] [report.php] No weekly loan found for emp_id=34, using daily value: 0
[13-Apr-2026 09:10:55 Asia/Manila] [report.php] No weekly loan found for emp_id=134, using daily value: 0
[13-Apr-2026 09:10:55 Asia/Manila] [report.php] No weekly loan found for emp_id=35, using daily value: 0
[13-Apr-2026 09:10:55 Asia/Manila] [report.php] No weekly loan found for emp_id=36, using daily value: 0
[13-Apr-2026 09:10:55 Asia/Manila] [report.php] No weekly loan found for emp_id=123, using daily value: 0
[13-Apr-2026 09:10:55 Asia/Manila] [report.php] No weekly loan found for emp_id=37, using daily value: 0
[13-Apr-2026 09:10:55 Asia/Manila] [report.php] No weekly loan found for emp_id=38, using daily value: 0
[13-Apr-2026 09:10:55 Asia/Manila] [report.php] No weekly loan found for emp_id=39, using daily value: 0
[13-Apr-2026 09:10:55 Asia/Manila] [report.php] No weekly loan found for emp_id=40, using daily value: 0
[13-Apr-2026 09:10:55 Asia/Manila] [report.php] No weekly loan found for emp_id=11, using daily value: 0
[13-Apr-2026 09:10:55 Asia/Manila] [report.php] No weekly loan found for emp_id=41, using daily value: 0
[13-Apr-2026 09:10:55 Asia/Manila] [report.php] No weekly loan found for emp_id=42, using daily value: 0
[13-Apr-2026 09:10:55 Asia/Manila] [report.php] No weekly loan found for emp_id=43, using daily value: 0
[13-Apr-2026 09:10:55 Asia/Manila] [report.php] No weekly loan found for emp_id=44, using daily value: 0
[13-Apr-2026 09:10:55 Asia/Manila] [report.php] No weekly loan found for emp_id=45, using daily value: 0
[13-Apr-2026 09:10:55 Asia/Manila] [report.php] No weekly loan found for emp_id=124, using daily value: 0
[13-Apr-2026 09:10:55 Asia/Manila] [report.php] No weekly loan found for emp_id=46, using daily value: 0
[13-Apr-2026 09:10:55 Asia/Manila] [report.php] No weekly loan found for emp_id=47, using daily value: 0
[13-Apr-2026 09:10:55 Asia/Manila] [report.php] No weekly loan found for emp_id=48, using daily value: 0
[13-Apr-2026 09:10:55 Asia/Manila] [report.php] No weekly loan found for emp_id=130, using daily value: 0
[13-Apr-2026 09:10:55 Asia/Manila] [report.php] No weekly loan found for emp_id=49, using daily value: 0
[13-Apr-2026 09:10:55 Asia/Manila] [report.php] No weekly loan found for emp_id=125, using daily value: 0
[13-Apr-2026 09:10:55 Asia/Manila] [report.php] No weekly loan found for emp_id=129, using daily value: 0
[13-Apr-2026 09:10:55 Asia/Manila] [report.php] No weekly loan found for emp_id=50, using daily value: 0
[13-Apr-2026 09:10:55 Asia/Manila] [report.php] No weekly loan found for emp_id=133, using daily value: 0
[13-Apr-2026 09:10:55 Asia/Manila] [report.php] No weekly loan found for emp_id=131, using daily value: 0
[13-Apr-2026 09:10:55 Asia/Manila] [report.php] No weekly loan found for emp_id=51, using daily value: 0
[13-Apr-2026 09:10:55 Asia/Manila] [report.php] No weekly loan found for emp_id=52, using daily value: 0
[13-Apr-2026 09:10:55 Asia/Manila] [report.php] No weekly loan found for emp_id=53, using daily value: 0
[13-Apr-2026 09:10:55 Asia/Manila] [report.php] No weekly loan found for emp_id=54, using daily value: 0
[13-Apr-2026 09:10:55 Asia/Manila] [report.php] No weekly loan found for emp_id=55, using daily value: 0
[13-Apr-2026 09:10:55 Asia/Manila] [report.php] No weekly loan found for emp_id=56, using daily value: 0
[13-Apr-2026 09:10:55 Asia/Manila] [report.php] No weekly loan found for emp_id=57, using daily value: 0
[13-Apr-2026 09:10:55 Asia/Manila] [report.php] No weekly loan found for emp_id=58, using daily value: 0
[13-Apr-2026 09:10:55 Asia/Manila] [report.php] No weekly loan found for emp_id=59, using daily value: 0
[13-Apr-2026 09:10:55 Asia/Manila] [report.php] No weekly loan found for emp_id=60, using daily value: 0
[13-Apr-2026 09:10:55 Asia/Manila] [report.php] No weekly loan found for emp_id=132, using daily value: 0
[13-Apr-2026 09:11:21 Asia/Manila] [get_employee_attendance_detailed.php] Request received: Array
(
    [employee_id] => 31
    [month] => 2026-04
)

[13-Apr-2026 09:11:21 Asia/Manila] [get_employee_attendance_detailed.php] Success - returning 30 days for employee 31
[13-Apr-2026 09:11:22 Asia/Manila] [get_employee_attendance_detailed.php] Request received: Array
(
    [employee_id] => 31
    [month] => 2026-03
)

[13-Apr-2026 09:11:22 Asia/Manila] [get_employee_attendance_detailed.php] Success - returning 31 days for employee 31
[13-Apr-2026 09:18:45 Asia/Manila] [report.php] File loaded - starting execution
[13-Apr-2026 09:18:45 Asia/Manila] [report.php] Received dates - start_date: , end_date: , view_type: range
[13-Apr-2026 09:18:45 Asia/Manila] [report.php] About to fetch payroll data
[13-Apr-2026 09:18:45 Asia/Manila] [report.php] Payroll query executed. Date range: 2026-04-01 to 2026-04-30. Rows fetched: 17
[13-Apr-2026 09:18:45 Asia/Manila] [report.php] Attendance query executed. Date range: 2026-04-01 to 2026-04-30. Rows fetched: 47
[13-Apr-2026 09:18:45 Asia/Manila] [report.php] Approved overtime query executed. Date range: 2026-04-01 to 2026-04-30. Approved OT rows: 6
[13-Apr-2026 09:18:45 Asia/Manila] [report.php] Approved overtime organized. Employees with approved OT: 4
[13-Apr-2026 09:18:45 Asia/Manila] [report.php] About to process daily_payroll_reports data
[13-Apr-2026 09:18:45 Asia/Manila] [report.php] About to process attendance data
[13-Apr-2026 09:18:45 Asia/Manila] [report.php] Applied approved OT for emp_id=24: 3 hours
[13-Apr-2026 09:18:45 Asia/Manila] [report.php] Applied approved OT for emp_id=37: 2 hours
[13-Apr-2026 09:18:45 Asia/Manila] [report.php] About to calculate payroll
[13-Apr-2026 09:18:45 Asia/Manila] [report.php] Payroll calculated, about to load allowances
[13-Apr-2026 09:18:45 Asia/Manila] [report.php] Loading allowances for year=2026, month=04, week=2, view=range
[13-Apr-2026 09:18:45 Asia/Manila] [report.php] Found in DB: emp_id=13, allowance=10.00, loan=10.00
[13-Apr-2026 09:18:45 Asia/Manila] [report.php] Total employees with allowances: 1
[13-Apr-2026 09:18:45 Asia/Manila] [report.php] Employee IDs with allowances: 13
[13-Apr-2026 09:18:45 Asia/Manila] [report.php] About to merge allowances into employee data. Employee count: 63
[13-Apr-2026 09:18:45 Asia/Manila] [report.php] Weekly loans loaded: Array
(
    [13] => 10
)

[13-Apr-2026 09:18:45 Asia/Manila] [report.php] No weekly loan found for emp_id=12, using daily value: 0
[13-Apr-2026 09:18:45 Asia/Manila] [report.php] Merged loan for emp_id=13: 10
[13-Apr-2026 09:18:45 Asia/Manila] [report.php] No weekly loan found for emp_id=14, using daily value: 0
[13-Apr-2026 09:18:45 Asia/Manila] [report.php] No weekly loan found for emp_id=121, using daily value: 0
[13-Apr-2026 09:18:45 Asia/Manila] [report.php] No weekly loan found for emp_id=126, using daily value: 0
[13-Apr-2026 09:18:45 Asia/Manila] [report.php] No weekly loan found for emp_id=15, using daily value: 0
[13-Apr-2026 09:18:45 Asia/Manila] [report.php] No weekly loan found for emp_id=16, using daily value: 0
[13-Apr-2026 09:18:45 Asia/Manila] [report.php] No weekly loan found for emp_id=17, using daily value: 0
[13-Apr-2026 09:18:45 Asia/Manila] [report.php] No weekly loan found for emp_id=18, using daily value: 0
[13-Apr-2026 09:18:45 Asia/Manila] [report.php] No weekly loan found for emp_id=19, using daily value: 0
[13-Apr-2026 09:18:45 Asia/Manila] [report.php] No weekly loan found for emp_id=20, using daily value: 0
[13-Apr-2026 09:18:45 Asia/Manila] [report.php] No weekly loan found for emp_id=21, using daily value: 0
[13-Apr-2026 09:18:45 Asia/Manila] [report.php] No weekly loan found for emp_id=22, using daily value: 0
[13-Apr-2026 09:18:45 Asia/Manila] [report.php] No weekly loan found for emp_id=23, using daily value: 0
[13-Apr-2026 09:18:45 Asia/Manila] [report.php] No weekly loan found for emp_id=24, using daily value: 0
[13-Apr-2026 09:18:45 Asia/Manila] [report.php] No weekly loan found for emp_id=25, using daily value: 0
[13-Apr-2026 09:18:45 Asia/Manila] [report.php] No weekly loan found for emp_id=27, using daily value: 0
[13-Apr-2026 09:18:45 Asia/Manila] [report.php] No weekly loan found for emp_id=26, using daily value: 0
[13-Apr-2026 09:18:45 Asia/Manila] [report.php] No weekly loan found for emp_id=127, using daily value: 0
[13-Apr-2026 09:18:45 Asia/Manila] [report.php] No weekly loan found for emp_id=28, using daily value: 0
[13-Apr-2026 09:18:45 Asia/Manila] [report.php] No weekly loan found for emp_id=29, using daily value: 0
[13-Apr-2026 09:18:45 Asia/Manila] [report.php] No weekly loan found for emp_id=122, using daily value: 0
[13-Apr-2026 09:18:45 Asia/Manila] [report.php] No weekly loan found for emp_id=30, using daily value: 0
[13-Apr-2026 09:18:45 Asia/Manila] [report.php] No weekly loan found for emp_id=31, using daily value: 0
[13-Apr-2026 09:18:45 Asia/Manila] [report.php] No weekly loan found for emp_id=32, using daily value: 0
[13-Apr-2026 09:18:45 Asia/Manila] [report.php] No weekly loan found for emp_id=33, using daily value: 0
[13-Apr-2026 09:18:45 Asia/Manila] [report.php] No weekly loan found for emp_id=34, using daily value: 0
[13-Apr-2026 09:18:45 Asia/Manila] [report.php] No weekly loan found for emp_id=134, using daily value: 0
[13-Apr-2026 09:18:45 Asia/Manila] [report.php] No weekly loan found for emp_id=35, using daily value: 0
[13-Apr-2026 09:18:45 Asia/Manila] [report.php] No weekly loan found for emp_id=36, using daily value: 0
[13-Apr-2026 09:18:45 Asia/Manila] [report.php] No weekly loan found for emp_id=123, using daily value: 0
[13-Apr-2026 09:18:45 Asia/Manila] [report.php] No weekly loan found for emp_id=37, using daily value: 0
[13-Apr-2026 09:18:45 Asia/Manila] [report.php] No weekly loan found for emp_id=38, using daily value: 0
[13-Apr-2026 09:18:45 Asia/Manila] [report.php] No weekly loan found for emp_id=39, using daily value: 0
[13-Apr-2026 09:18:45 Asia/Manila] [report.php] No weekly loan found for emp_id=40, using daily value: 0
[13-Apr-2026 09:18:45 Asia/Manila] [report.php] No weekly loan found for emp_id=11, using daily value: 0
[13-Apr-2026 09:18:45 Asia/Manila] [report.php] No weekly loan found for emp_id=41, using daily value: 0
[13-Apr-2026 09:18:45 Asia/Manila] [report.php] No weekly loan found for emp_id=42, using daily value: 0
[13-Apr-2026 09:28:09 Asia/Manila] [report.php] File loaded - starting execution
[13-Apr-2026 09:28:09 Asia/Manila] [report.php] Received dates - start_date: , end_date: , view_type: range
[13-Apr-2026 09:28:09 Asia/Manila] [report.php] About to fetch payroll data
[13-Apr-2026 09:28:09 Asia/Manila] [report.php] Payroll query executed. Date range: 2026-04-01 to 2026-04-30. Rows fetched: 17
[13-Apr-2026 09:28:09 Asia/Manila] [report.php] Attendance query executed. Date range: 2026-04-01 to 2026-04-30. Rows fetched: 47
[13-Apr-2026 09:28:09 Asia/Manila] [report.php] Approved overtime query executed. Date range: 2026-04-01 to 2026-04-30. Approved OT rows: 6
[13-Apr-2026 09:28:09 Asia/Manila] [report.php] Approved overtime organized. Employees with approved OT: 4
[13-Apr-2026 09:28:09 Asia/Manila] [report.php] About to process daily_payroll_reports data
[13-Apr-2026 09:28:09 Asia/Manila] [report.php] About to process attendance data
[13-Apr-2026 09:28:09 Asia/Manila] [report.php] Applied approved OT for emp_id=24: 3 hours
[13-Apr-2026 09:28:09 Asia/Manila] [report.php] Applied approved OT for emp_id=37: 2 hours
[13-Apr-2026 09:28:09 Asia/Manila] [report.php] About to calculate payroll
[13-Apr-2026 09:28:09 Asia/Manila] [report.php] Payroll calculated, about to load allowances
[13-Apr-2026 09:28:09 Asia/Manila] [report.php] Loading allowances for year=2026, month=04, week=2, view=range
[13-Apr-2026 09:28:09 Asia/Manila] [report.php] Found in DB: emp_id=13, allowance=10.00, loan=10.00
[13-Apr-2026 09:28:09 Asia/Manila] [report.php] Total employees with allowances: 1
[13-Apr-2026 09:28:09 Asia/Manila] [report.php] Employee IDs with allowances: 13
[13-Apr-2026 09:28:09 Asia/Manila] [report.php] About to merge allowances into employee data. Employee count: 63
[13-Apr-2026 09:28:09 Asia/Manila] [report.php] Weekly loans loaded: Array
(
    [13] => 10
)

[13-Apr-2026 09:28:09 Asia/Manila] [report.php] No weekly loan found for emp_id=12, using daily value: 0
[13-Apr-2026 09:28:09 Asia/Manila] [report.php] Merged loan for emp_id=13: 10
[13-Apr-2026 09:28:09 Asia/Manila] [report.php] No weekly loan found for emp_id=14, using daily value: 0
[13-Apr-2026 09:28:09 Asia/Manila] [report.php] No weekly loan found for emp_id=121, using daily value: 0
[13-Apr-2026 09:28:09 Asia/Manila] [report.php] No weekly loan found for emp_id=126, using daily value: 0
[13-Apr-2026 09:28:09 Asia/Manila] [report.php] No weekly loan found for emp_id=15, using daily value: 0
[13-Apr-2026 09:28:09 Asia/Manila] [report.php] No weekly loan found for emp_id=16, using daily value: 0
[13-Apr-2026 09:28:09 Asia/Manila] [report.php] No weekly loan found for emp_id=17, using daily value: 0
[13-Apr-2026 09:28:09 Asia/Manila] [report.php] No weekly loan found for emp_id=18, using daily value: 0
[13-Apr-2026 09:28:09 Asia/Manila] [report.php] No weekly loan found for emp_id=19, using daily value: 0
[13-Apr-2026 09:28:09 Asia/Manila] [report.php] No weekly loan found for emp_id=20, using daily value: 0
[13-Apr-2026 09:28:09 Asia/Manila] [report.php] No weekly loan found for emp_id=21, using daily value: 0
[13-Apr-2026 09:28:09 Asia/Manila] [report.php] No weekly loan found for emp_id=22, using daily value: 0
[13-Apr-2026 09:28:09 Asia/Manila] [report.php] No weekly loan found for emp_id=23, using daily value: 0
[13-Apr-2026 09:28:09 Asia/Manila] [report.php] No weekly loan found for emp_id=24, using daily value: 0
[13-Apr-2026 09:28:09 Asia/Manila] [report.php] No weekly loan found for emp_id=25, using daily value: 0
[13-Apr-2026 09:28:09 Asia/Manila] [report.php] No weekly loan found for emp_id=27, using daily value: 0
[13-Apr-2026 09:28:09 Asia/Manila] [report.php] No weekly loan found for emp_id=26, using daily value: 0
[13-Apr-2026 09:28:09 Asia/Manila] [report.php] No weekly loan found for emp_id=127, using daily value: 0
[13-Apr-2026 09:28:09 Asia/Manila] [report.php] No weekly loan found for emp_id=28, using daily value: 0
[13-Apr-2026 09:28:09 Asia/Manila] [report.php] No weekly loan found for emp_id=29, using daily value: 0
[13-Apr-2026 09:28:09 Asia/Manila] [report.php] No weekly loan found for emp_id=122, using daily value: 0
[13-Apr-2026 09:28:09 Asia/Manila] [report.php] No weekly loan found for emp_id=30, using daily value: 0
[13-Apr-2026 09:28:09 Asia/Manila] [report.php] No weekly loan found for emp_id=31, using daily value: 0
[13-Apr-2026 09:28:09 Asia/Manila] [report.php] No weekly loan found for emp_id=32, using daily value: 0
[13-Apr-2026 09:28:09 Asia/Manila] [report.php] No weekly loan found for emp_id=33, using daily value: 0
[13-Apr-2026 09:28:09 Asia/Manila] [report.php] No weekly loan found for emp_id=34, using daily value: 0
[13-Apr-2026 09:28:09 Asia/Manila] [report.php] No weekly loan found for emp_id=134, using daily value: 0
[13-Apr-2026 09:28:09 Asia/Manila] [report.php] No weekly loan found for emp_id=35, using daily value: 0
[13-Apr-2026 09:28:09 Asia/Manila] [report.php] No weekly loan found for emp_id=36, using daily value: 0
[13-Apr-2026 09:28:09 Asia/Manila] [report.php] No weekly loan found for emp_id=123, using daily value: 0
[13-Apr-2026 09:28:09 Asia/Manila] [report.php] No weekly loan found for emp_id=37, using daily value: 0
[13-Apr-2026 09:28:09 Asia/Manila] [report.php] No weekly loan found for emp_id=38, using daily value: 0
[13-Apr-2026 09:28:09 Asia/Manila] [report.php] No weekly loan found for emp_id=39, using daily value: 0
[13-Apr-2026 09:28:09 Asia/Manila] [report.php] No weekly loan found for emp_id=40, using daily value: 0
[13-Apr-2026 09:28:09 Asia/Manila] [report.php] No weekly loan found for emp_id=11, using daily value: 0
[13-Apr-2026 09:28:09 Asia/Manila] [report.php] No weekly loan found for emp_id=41, using daily value: 0
[13-Apr-2026 09:28:09 Asia/Manila] [report.php] No weekly loan found for emp_id=42, using daily value: 0
[13-Apr-2026 09:28:09 Asia/Manila] [report.php] No weekly loan found for emp_id=43, using daily value: 0
[13-Apr-2026 09:28:09 Asia/Manila] [report.php] No weekly loan found for emp_id=44, using daily value: 0
[13-Apr-2026 09:28:09 Asia/Manila] [report.php] No weekly loan found for emp_id=45, using daily value: 0
[13-Apr-2026 09:28:09 Asia/Manila] [report.php] No weekly loan found for emp_id=124, using daily value: 0
[13-Apr-2026 09:28:09 Asia/Manila] [report.php] No weekly loan found for emp_id=46, using daily value: 0
[13-Apr-2026 09:28:09 Asia/Manila] [report.php] No weekly loan found for emp_id=47, using daily value: 0
[13-Apr-2026 09:28:09 Asia/Manila] [report.php] No weekly loan found for emp_id=48, using daily value: 0
[13-Apr-2026 09:28:09 Asia/Manila] [report.php] No weekly loan found for emp_id=130, using daily value: 0
[13-Apr-2026 09:28:09 Asia/Manila] [report.php] No weekly loan found for emp_id=49, using daily value: 0
[13-Apr-2026 09:28:09 Asia/Manila] [report.php] No weekly loan found for emp_id=125, using daily value: 0
[13-Apr-2026 09:28:09 Asia/Manila] [report.php] No weekly loan found for emp_id=129, using daily value: 0
[13-Apr-2026 09:28:09 Asia/Manila] [report.php] No weekly loan found for emp_id=50, using daily value: 0
[13-Apr-2026 09:28:09 Asia/Manila] [report.php] No weekly loan found for emp_id=133, using daily value: 0
[13-Apr-2026 09:28:09 Asia/Manila] [report.php] No weekly loan found for emp_id=131, using daily value: 0
[13-Apr-2026 09:28:09 Asia/Manila] [report.php] No weekly loan found for emp_id=51, using daily value: 0
[13-Apr-2026 09:28:09 Asia/Manila] [report.php] No weekly loan found for emp_id=52, using daily value: 0
[13-Apr-2026 09:28:09 Asia/Manila] [report.php] No weekly loan found for emp_id=53, using daily value: 0
[13-Apr-2026 09:28:09 Asia/Manila] [report.php] No weekly loan found for emp_id=54, using daily value: 0
[13-Apr-2026 09:28:09 Asia/Manila] [report.php] No weekly loan found for emp_id=55, using daily value: 0
[13-Apr-2026 09:28:09 Asia/Manila] [report.php] No weekly loan found for emp_id=56, using daily value: 0
[13-Apr-2026 09:28:09 Asia/Manila] [report.php] No weekly loan found for emp_id=57, using daily value: 0
[13-Apr-2026 09:28:09 Asia/Manila] [report.php] No weekly loan found for emp_id=58, using daily value: 0
[13-Apr-2026 09:28:09 Asia/Manila] [report.php] No weekly loan found for emp_id=59, using daily value: 0
[13-Apr-2026 09:28:09 Asia/Manila] [report.php] No weekly loan found for emp_id=60, using daily value: 0
[13-Apr-2026 09:28:09 Asia/Manila] [report.php] No weekly loan found for emp_id=132, using daily value: 0
[13-Apr-2026 09:28:11 Asia/Manila] [report.php] File loaded - starting execution
[13-Apr-2026 09:28:11 Asia/Manila] [report.php] Received dates - start_date: , end_date: , view_type: range
[13-Apr-2026 09:28:11 Asia/Manila] [report.php] About to fetch payroll data
[13-Apr-2026 09:28:11 Asia/Manila] [report.php] Payroll query executed. Date range: 2026-04-01 to 2026-04-30. Rows fetched: 17
[13-Apr-2026 09:28:11 Asia/Manila] [report.php] Attendance query executed. Date range: 2026-04-01 to 2026-04-30. Rows fetched: 47
[13-Apr-2026 09:28:11 Asia/Manila] [report.php] Approved overtime query executed. Date range: 2026-04-01 to 2026-04-30. Approved OT rows: 6
[13-Apr-2026 09:28:11 Asia/Manila] [report.php] Approved overtime organized. Employees with approved OT: 4
[13-Apr-2026 09:28:11 Asia/Manila] [report.php] About to process daily_payroll_reports data
[13-Apr-2026 09:28:11 Asia/Manila] [report.php] About to process attendance data
[13-Apr-2026 09:28:11 Asia/Manila] [report.php] Applied approved OT for emp_id=24: 3 hours
[13-Apr-2026 09:28:11 Asia/Manila] [report.php] Applied approved OT for emp_id=37: 2 hours
[13-Apr-2026 09:28:11 Asia/Manila] [report.php] About to calculate payroll
[13-Apr-2026 09:28:11 Asia/Manila] [report.php] Payroll calculated, about to load allowances
[13-Apr-2026 09:28:11 Asia/Manila] [report.php] Loading allowances for year=2026, month=04, week=2, view=range
[13-Apr-2026 09:28:11 Asia/Manila] [report.php] Found in DB: emp_id=13, allowance=10.00, loan=10.00
[13-Apr-2026 09:28:11 Asia/Manila] [report.php] Total employees with allowances: 1
[13-Apr-2026 09:28:11 Asia/Manila] [report.php] Employee IDs with allowances: 13
[13-Apr-2026 09:28:11 Asia/Manila] [report.php] About to merge allowances into employee data. Employee count: 63
[13-Apr-2026 09:28:11 Asia/Manila] [report.php] Weekly loans loaded: Array
(
    [13] => 10
)

[13-Apr-2026 09:28:11 Asia/Manila] [report.php] No weekly loan found for emp_id=12, using daily value: 0
[13-Apr-2026 09:28:11 Asia/Manila] [report.php] Merged loan for emp_id=13: 10
[13-Apr-2026 09:28:11 Asia/Manila] [report.php] No weekly loan found for emp_id=14, using daily value: 0
[13-Apr-2026 09:28:11 Asia/Manila] [report.php] No weekly loan found for emp_id=121, using daily value: 0
[13-Apr-2026 09:28:11 Asia/Manila] [report.php] No weekly loan found for emp_id=126, using daily value: 0
[13-Apr-2026 09:28:11 Asia/Manila] [report.php] No weekly loan found for emp_id=15, using daily value: 0
[13-Apr-2026 09:28:11 Asia/Manila] [report.php] No weekly loan found for emp_id=16, using daily value: 0
[13-Apr-2026 09:28:11 Asia/Manila] [report.php] No weekly loan found for emp_id=17, using daily value: 0
[13-Apr-2026 09:28:11 Asia/Manila] [report.php] No weekly loan found for emp_id=18, using daily value: 0
[13-Apr-2026 09:28:11 Asia/Manila] [report.php] No weekly loan found for emp_id=19, using daily value: 0
[13-Apr-2026 09:28:11 Asia/Manila] [report.php] No weekly loan found for emp_id=20, using daily value: 0
[13-Apr-2026 09:28:11 Asia/Manila] [report.php] No weekly loan found for emp_id=21, using daily value: 0
[13-Apr-2026 09:28:11 Asia/Manila] [report.php] No weekly loan found for emp_id=22, using daily value: 0
[13-Apr-2026 09:28:11 Asia/Manila] [report.php] No weekly loan found for emp_id=23, using daily value: 0
[13-Apr-2026 09:28:11 Asia/Manila] [report.php] No weekly loan found for emp_id=24, using daily value: 0
[13-Apr-2026 09:28:11 Asia/Manila] [report.php] No weekly loan found for emp_id=25, using daily value: 0
[13-Apr-2026 09:28:11 Asia/Manila] [report.php] No weekly loan found for emp_id=27, using daily value: 0
[13-Apr-2026 09:28:11 Asia/Manila] [report.php] No weekly loan found for emp_id=26, using daily value: 0
[13-Apr-2026 09:28:11 Asia/Manila] [report.php] No weekly loan found for emp_id=127, using daily value: 0
[13-Apr-2026 09:28:11 Asia/Manila] [report.php] No weekly loan found for emp_id=28, using daily value: 0
[13-Apr-2026 09:28:11 Asia/Manila] [report.php] No weekly loan found for emp_id=29, using daily value: 0
[13-Apr-2026 09:28:11 Asia/Manila] [report.php] No weekly loan found for emp_id=122, using daily value: 0
[13-Apr-2026 09:28:11 Asia/Manila] [report.php] No weekly loan found for emp_id=30, using daily value: 0
[13-Apr-2026 09:28:11 Asia/Manila] [report.php] No weekly loan found for emp_id=31, using daily value: 0
[13-Apr-2026 09:28:11 Asia/Manila] [report.php] No weekly loan found for emp_id=32, using daily value: 0
[13-Apr-2026 09:28:11 Asia/Manila] [report.php] No weekly loan found for emp_id=33, using daily value: 0
[13-Apr-2026 09:28:11 Asia/Manila] [report.php] No weekly loan found for emp_id=34, using daily value: 0
[13-Apr-2026 09:28:11 Asia/Manila] [report.php] No weekly loan found for emp_id=134, using daily value: 0
[13-Apr-2026 09:28:11 Asia/Manila] [report.php] No weekly loan found for emp_id=35, using daily value: 0
[13-Apr-2026 09:28:11 Asia/Manila] [report.php] No weekly loan found for emp_id=36, using daily value: 0
[13-Apr-2026 09:28:11 Asia/Manila] [report.php] No weekly loan found for emp_id=123, using daily value: 0
[13-Apr-2026 09:28:11 Asia/Manila] [report.php] No weekly loan found for emp_id=37, using daily value: 0
[13-Apr-2026 09:28:11 Asia/Manila] [report.php] No weekly loan found for emp_id=38, using daily value: 0
[13-Apr-2026 09:28:11 Asia/Manila] [report.php] No weekly loan found for emp_id=39, using daily value: 0
[13-Apr-2026 09:28:11 Asia/Manila] [report.php] No weekly loan found for emp_id=40, using daily value: 0
[13-Apr-2026 09:28:11 Asia/Manila] [report.php] No weekly loan found for emp_id=11, using daily value: 0
[13-Apr-2026 09:28:11 Asia/Manila] [report.php] No weekly loan found for emp_id=41, using daily value: 0
[13-Apr-2026 09:28:11 Asia/Manila] [report.php] No weekly loan found for emp_id=42, using daily value: 0
[13-Apr-2026 09:28:11 Asia/Manila] [report.php] No weekly loan found for emp_id=43, using daily value: 0
[13-Apr-2026 09:28:11 Asia/Manila] [report.php] No weekly loan found for emp_id=44, using daily value: 0
[13-Apr-2026 09:28:11 Asia/Manila] [report.php] No weekly loan found for emp_id=45, using daily value: 0
[13-Apr-2026 09:28:11 Asia/Manila] [report.php] No weekly loan found for emp_id=124, using daily value: 0
[13-Apr-2026 09:28:11 Asia/Manila] [report.php] No weekly loan found for emp_id=46, using daily value: 0
[13-Apr-2026 09:28:11 Asia/Manila] [report.php] No weekly loan found for emp_id=47, using daily value: 0
[13-Apr-2026 09:28:11 Asia/Manila] [report.php] No weekly loan found for emp_id=48, using daily value: 0
[13-Apr-2026 09:28:11 Asia/Manila] [report.php] No weekly loan found for emp_id=130, using daily value: 0
[13-Apr-2026 09:28:11 Asia/Manila] [report.php] No weekly loan found for emp_id=49, using daily value: 0
[13-Apr-2026 09:28:11 Asia/Manila] [report.php] No weekly loan found for emp_id=125, using daily value: 0
[13-Apr-2026 09:28:11 Asia/Manila] [report.php] No weekly loan found for emp_id=129, using daily value: 0
[13-Apr-2026 09:28:11 Asia/Manila] [report.php] No weekly loan found for emp_id=50, using daily value: 0
[13-Apr-2026 09:28:11 Asia/Manila] [report.php] No weekly loan found for emp_id=133, using daily value: 0
[13-Apr-2026 09:28:11 Asia/Manila] [report.php] No weekly loan found for emp_id=131, using daily value: 0
[13-Apr-2026 09:28:11 Asia/Manila] [report.php] No weekly loan found for emp_id=51, using daily value: 0
[13-Apr-2026 09:28:11 Asia/Manila] [report.php] No weekly loan found for emp_id=52, using daily value: 0
[13-Apr-2026 09:28:11 Asia/Manila] [report.php] No weekly loan found for emp_id=53, using daily value: 0
[13-Apr-2026 09:28:11 Asia/Manila] [report.php] No weekly loan found for emp_id=54, using daily value: 0
[13-Apr-2026 09:28:11 Asia/Manila] [report.php] No weekly loan found for emp_id=55, using daily value: 0
[13-Apr-2026 09:28:11 Asia/Manila] [report.php] No weekly loan found for emp_id=56, using daily value: 0
[13-Apr-2026 09:28:11 Asia/Manila] [report.php] No weekly loan found for emp_id=57, using daily value: 0
[13-Apr-2026 09:28:11 Asia/Manila] [report.php] No weekly loan found for emp_id=58, using daily value: 0
[13-Apr-2026 09:28:11 Asia/Manila] [report.php] No weekly loan found for emp_id=59, using daily value: 0
[13-Apr-2026 09:28:11 Asia/Manila] [report.php] No weekly loan found for emp_id=60, using daily value: 0
[13-Apr-2026 09:28:11 Asia/Manila] [report.php] No weekly loan found for emp_id=132, using daily value: 0
[13-Apr-2026 09:28:12 Asia/Manila] [report.php] File loaded - starting execution
[13-Apr-2026 09:28:12 Asia/Manila] [report.php] Received dates - start_date: , end_date: , view_type: range
[13-Apr-2026 09:28:12 Asia/Manila] [report.php] About to fetch payroll data
[13-Apr-2026 09:28:12 Asia/Manila] [report.php] Payroll query executed. Date range: 2026-04-01 to 2026-04-30. Rows fetched: 17
[13-Apr-2026 09:28:12 Asia/Manila] [report.php] Attendance query executed. Date range: 2026-04-01 to 2026-04-30. Rows fetched: 47
[13-Apr-2026 09:28:12 Asia/Manila] [report.php] Approved overtime query executed. Date range: 2026-04-01 to 2026-04-30. Approved OT rows: 6
[13-Apr-2026 09:28:12 Asia/Manila] [report.php] Approved overtime organized. Employees with approved OT: 4
[13-Apr-2026 09:28:12 Asia/Manila] [report.php] About to process daily_payroll_reports data
[13-Apr-2026 09:28:12 Asia/Manila] [report.php] About to process attendance data
[13-Apr-2026 09:28:12 Asia/Manila] [report.php] Applied approved OT for emp_id=24: 3 hours
[13-Apr-2026 09:28:12 Asia/Manila] [report.php] Applied approved OT for emp_id=37: 2 hours
[13-Apr-2026 09:28:12 Asia/Manila] [report.php] About to calculate payroll
[13-Apr-2026 09:28:12 Asia/Manila] [report.php] Payroll calculated, about to load allowances
[13-Apr-2026 09:28:12 Asia/Manila] [report.php] Loading allowances for year=2026, month=04, week=2, view=range
[13-Apr-2026 09:28:12 Asia/Manila] [report.php] Found in DB: emp_id=13, allowance=10.00, loan=10.00
[13-Apr-2026 09:28:12 Asia/Manila] [report.php] Total employees with allowances: 1
[13-Apr-2026 09:28:12 Asia/Manila] [report.php] Employee IDs with allowances: 13
[13-Apr-2026 09:28:12 Asia/Manila] [report.php] About to merge allowances into employee data. Employee count: 63
[13-Apr-2026 09:28:12 Asia/Manila] [report.php] Weekly loans loaded: Array
(
    [13] => 10
)

[13-Apr-2026 09:28:12 Asia/Manila] [report.php] No weekly loan found for emp_id=12, using daily value: 0
[13-Apr-2026 09:28:12 Asia/Manila] [report.php] Merged loan for emp_id=13: 10
[13-Apr-2026 09:28:12 Asia/Manila] [report.php] No weekly loan found for emp_id=14, using daily value: 0
[13-Apr-2026 09:28:12 Asia/Manila] [report.php] No weekly loan found for emp_id=121, using daily value: 0
[13-Apr-2026 09:28:12 Asia/Manila] [report.php] No weekly loan found for emp_id=126, using daily value: 0
[13-Apr-2026 09:28:12 Asia/Manila] [report.php] No weekly loan found for emp_id=15, using daily value: 0
[13-Apr-2026 09:28:12 Asia/Manila] [report.php] No weekly loan found for emp_id=16, using daily value: 0
[13-Apr-2026 09:28:12 Asia/Manila] [report.php] No weekly loan found for emp_id=17, using daily value: 0
[13-Apr-2026 09:28:12 Asia/Manila] [report.php] No weekly loan found for emp_id=18, using daily value: 0
[13-Apr-2026 09:28:12 Asia/Manila] [report.php] No weekly loan found for emp_id=19, using daily value: 0
[13-Apr-2026 09:28:12 Asia/Manila] [report.php] No weekly loan found for emp_id=20, using daily value: 0
[13-Apr-2026 09:28:12 Asia/Manila] [report.php] No weekly loan found for emp_id=21, using daily value: 0
[13-Apr-2026 09:28:12 Asia/Manila] [report.php] No weekly loan found for emp_id=22, using daily value: 0
[13-Apr-2026 09:28:12 Asia/Manila] [report.php] No weekly loan found for emp_id=23, using daily value: 0
[13-Apr-2026 09:28:12 Asia/Manila] [report.php] No weekly loan found for emp_id=24, using daily value: 0
[13-Apr-2026 09:28:12 Asia/Manila] [report.php] No weekly loan found for emp_id=25, using daily value: 0
[13-Apr-2026 09:28:12 Asia/Manila] [report.php] No weekly loan found for emp_id=27, using daily value: 0
[13-Apr-2026 09:28:12 Asia/Manila] [report.php] No weekly loan found for emp_id=26, using daily value: 0
[13-Apr-2026 09:28:12 Asia/Manila] [report.php] No weekly loan found for emp_id=127, using daily value: 0
[13-Apr-2026 09:28:12 Asia/Manila] [report.php] No weekly loan found for emp_id=28, using daily value: 0
[13-Apr-2026 09:28:12 Asia/Manila] [report.php] No weekly loan found for emp_id=29, using daily value: 0
[13-Apr-2026 09:28:12 Asia/Manila] [report.php] No weekly loan found for emp_id=122, using daily value: 0
[13-Apr-2026 09:28:12 Asia/Manila] [report.php] No weekly loan found for emp_id=30, using daily value: 0
[13-Apr-2026 09:28:12 Asia/Manila] [report.php] No weekly loan found for emp_id=31, using daily value: 0
[13-Apr-2026 09:28:12 Asia/Manila] [report.php] No weekly loan found for emp_id=32, using daily value: 0
[13-Apr-2026 09:28:12 Asia/Manila] [report.php] No weekly loan found for emp_id=33, using daily value: 0
[13-Apr-2026 09:28:12 Asia/Manila] [report.php] No weekly loan found for emp_id=34, using daily value: 0
[13-Apr-2026 09:28:12 Asia/Manila] [report.php] No weekly loan found for emp_id=134, using daily value: 0
[13-Apr-2026 09:28:12 Asia/Manila] [report.php] No weekly loan found for emp_id=35, using daily value: 0
[13-Apr-2026 09:28:12 Asia/Manila] [report.php] No weekly loan found for emp_id=36, using daily value: 0
[13-Apr-2026 09:28:12 Asia/Manila] [report.php] No weekly loan found for emp_id=123, using daily value: 0
[13-Apr-2026 09:28:12 Asia/Manila] [report.php] No weekly loan found for emp_id=37, using daily value: 0
[13-Apr-2026 09:28:12 Asia/Manila] [report.php] No weekly loan found for emp_id=38, using daily value: 0
[13-Apr-2026 09:28:12 Asia/Manila] [report.php] No weekly loan found for emp_id=39, using daily value: 0
[13-Apr-2026 09:28:12 Asia/Manila] [report.php] No weekly loan found for emp_id=40, using daily value: 0
[13-Apr-2026 09:28:12 Asia/Manila] [report.php] No weekly loan found for emp_id=11, using daily value: 0
[13-Apr-2026 09:28:12 Asia/Manila] [report.php] No weekly loan found for emp_id=41, using daily value: 0
[13-Apr-2026 09:28:12 Asia/Manila] [report.php] No weekly loan found for emp_id=42, using daily value: 0
[13-Apr-2026 09:28:12 Asia/Manila] [report.php] No weekly loan found for emp_id=43, using daily value: 0
[13-Apr-2026 09:28:12 Asia/Manila] [report.php] No weekly loan found for emp_id=44, using daily value: 0
[13-Apr-2026 09:28:12 Asia/Manila] [report.php] No weekly loan found for emp_id=45, using daily value: 0
[13-Apr-2026 09:28:12 Asia/Manila] [report.php] No weekly loan found for emp_id=124, using daily value: 0
[13-Apr-2026 09:28:12 Asia/Manila] [report.php] No weekly loan found for emp_id=46, using daily value: 0
[13-Apr-2026 09:28:12 Asia/Manila] [report.php] No weekly loan found for emp_id=47, using daily value: 0
[13-Apr-2026 09:28:12 Asia/Manila] [report.php] No weekly loan found for emp_id=48, using daily value: 0
[13-Apr-2026 09:28:12 Asia/Manila] [report.php] No weekly loan found for emp_id=130, using daily value: 0
[13-Apr-2026 09:28:12 Asia/Manila] [report.php] No weekly loan found for emp_id=49, using daily value: 0
[13-Apr-2026 09:28:12 Asia/Manila] [report.php] No weekly loan found for emp_id=125, using daily value: 0
[13-Apr-2026 09:28:12 Asia/Manila] [report.php] No weekly loan found for emp_id=129, using daily value: 0
[13-Apr-2026 09:28:12 Asia/Manila] [report.php] No weekly loan found for emp_id=50, using daily value: 0
[13-Apr-2026 09:28:12 Asia/Manila] [report.php] No weekly loan found for emp_id=133, using daily value: 0
[13-Apr-2026 09:28:12 Asia/Manila] [report.php] No weekly loan found for emp_id=131, using daily value: 0
[13-Apr-2026 09:28:12 Asia/Manila] [report.php] No weekly loan found for emp_id=51, using daily value: 0
[13-Apr-2026 09:28:12 Asia/Manila] [report.php] No weekly loan found for emp_id=52, using daily value: 0
[13-Apr-2026 09:28:12 Asia/Manila] [report.php] No weekly loan found for emp_id=53, using daily value: 0
[13-Apr-2026 09:28:12 Asia/Manila] [report.php] No weekly loan found for emp_id=54, using daily value: 0
[13-Apr-2026 09:28:12 Asia/Manila] [report.php] No weekly loan found for emp_id=55, using daily value: 0
[13-Apr-2026 09:28:12 Asia/Manila] [report.php] No weekly loan found for emp_id=56, using daily value: 0
[13-Apr-2026 09:28:12 Asia/Manila] [report.php] No weekly loan found for emp_id=57, using daily value: 0
[13-Apr-2026 09:28:12 Asia/Manila] [report.php] No weekly loan found for emp_id=58, using daily value: 0
[13-Apr-2026 09:28:12 Asia/Manila] [report.php] No weekly loan found for emp_id=59, using daily value: 0
[13-Apr-2026 09:28:12 Asia/Manila] [report.php] No weekly loan found for emp_id=60, using daily value: 0
[13-Apr-2026 09:28:12 Asia/Manila] [report.php] No weekly loan found for emp_id=132, using daily value: 0
